country,period,drought_total_affected,drought_total_deaths
Afghanistan,1965,48000.0,0.0
Afghanistan,1970,0.0,0.0
Afghanistan,2000,2580000.0,37.0
Afghanistan,2005,2180000.0,0.0
Afghanistan,2010,1750000.0,0.0
Afghanistan,2015,13500000.0,0.0
Afghanistan,2020,11000000.0,0.0
Africa,1900,0.0,11000.0
Africa,1905,0.0,0.0
Africa,1910,32000.0,85000.0
Africa,1920,0.0,24000.0
Africa,1940,0.0,20000.0
Africa,1945,0.0,30000.0
Africa,1960,705000.0,50.0
Africa,1965,4637277.0,2000.0
Africa,1970,4927357.0,22096.0
Africa,1975,13658802.0,96904.0
Africa,1980,46786718.0,478159.0
Africa,1985,32703082.0,76668.0
Africa,1990,46289858.0,127.0
Africa,1995,13864956.0,33.0
Africa,2000,85631529.0,941.0
Africa,2005,57546932.0,153.0
Africa,2010,65891611.0,20000.0
Africa,2015,68516205.0,0.0
Africa,2020,197828349.0,2465.0
Africa,2025,3953759.0,27.0
Albania,1985,1066666.0,0.0
Albania,1990,2133334.0,0.0
Angola,1980,80000.0,0.0
Angola,1985,974674.0,0.0
Angola,1990,1425326.0,0.0
Angola,1995,105000.0,0.0
Angola,2000,6262.0,58.0
Angola,2005,18738.0,0.0
Angola,2010,1833900.0,0.0
Angola,2015,1420000.0,0.0
Angola,2020,4443316.0,0.0
Anguilla,1915,0.0,0.0
Anguilla,1920,0.0,0.0
Antigua and Barbuda,1980,75000.0,0.0
Argentina,2000,0.0,0.0
Argentina,2005,0.0,0.0
Argentina,2015,11666.0,2.0
Argentina,2020,23366.0,6.0
Armenia,2000,297000.0,0.0
Asia,1900,0.0,1250000.0
Asia,1920,20000000.0,500000.0
Asia,1925,0.0,3000000.0
Asia,1940,0.0,3400000.0
Asia,1945,0.0,0.0
Asia,1960,1291000.0,0.0
Asia,1965,103891998.0,1508000.0
Asia,1970,206080002.0,0.0
Asia,1975,21518491.0,63.0
Asia,1980,126447554.0,510.0
Asia,1985,358739100.0,1784.0
Asia,1990,107112436.0,2000.0
Asia,1995,60171256.0,685.0
Asia,2000,547122590.0,195.0
Asia,2005,69710110.0,134.0
Asia,2010,134475492.0,0.0
Asia,2015,402604838.0,88.0
Asia,2020,54488410.0,0.0
Asia,2025,14500000.0,0.0
Australia,1965,0.0,600.0
Australia,1970,0.0,0.0
Australia,1975,0.0,0.0
Australia,1980,80000.0,0.0
Australia,1990,4730905.0,0.0
Australia,1995,2269095.0,0.0
Australia,2000,0.0,0.0
Australia,2005,0.0,0.0
Australia,2015,0.0,0.0
Azerbaijan,2000,0.0,0.0
Bangladesh,1940,0.0,1900000.0
Bangladesh,1945,0.0,0.0
Bangladesh,1970,0.0,0.0
Bangladesh,1980,20000000.0,0.0
Bangladesh,1985,5000000.0,0.0
Bangladesh,2005,0.0,0.0
Barbados,2010,0.0,0.0
Belgium,1975,0.0,0.0
Benin,1970,86269.0,0.0
Benin,1975,28731.0,0.0
Benin,1980,1398722.0,0.0
Benin,1985,701278.0,0.0
Bolivia,1975,0.0,0.0
Bolivia,1980,3083049.0,0.0
Bolivia,1985,0.0,0.0
Bolivia,1990,333160.0,0.0
Bolivia,2000,31072.0,0.0
Bolivia,2005,71428.0,0.0
Bolivia,2010,454035.0,0.0
Bolivia,2015,665000.0,0.0
Bolivia,2020,2050000.0,10.0
Bosnia and Herzegovina,2000,62575.0,0.0
Botswana,1965,120000.0,0.0
Botswana,1970,87600.0,0.0
Botswana,1980,496184.0,0.0
Botswana,1985,541116.0,0.0
Botswana,1990,100000.0,0.0
Botswana,2015,38000.0,0.0
Botswana,2020,37000.0,0.0
Brazil,1970,10000000.0,0.0
Brazil,1975,5000000.0,0.0
Brazil,1980,20000000.0,20.0
Brazil,1985,750000.0,0.0
Brazil,1995,10000000.0,0.0
Brazil,2000,1000000.0,0.0
Brazil,2005,1000000.0,0.0
Brazil,2010,13053788.0,0.0
Brazil,2015,18008212.0,0.0
Brazil,2020,608000.0,0.0
Bulgaria,2000,0.0,0.0
Burkina Faso,1910,0.0,0.0
Burkina Faso,1940,0.0,0.0
Burkina Faso,1965,108728.0,0.0
Burkina Faso,1970,721560.0,0.0
Burkina Faso,1975,586712.0,0.0
Burkina Faso,1980,1007548.0,0.0
Burkina Faso,1985,442452.0,0.0
Burkina Faso,1990,2600000.0,0.0
Burkina Faso,1995,96290.0,0.0
Burkina Faso,2000,0.0,0.0
Burkina Faso,2010,6850000.0,0.0
Burkina Faso,2020,6400928.0,0.0
Burundi,1995,72660.0,0.0
Burundi,2000,577340.0,6.0
Burundi,2005,2294500.0,120.0
Burundi,2010,118000.0,0.0
Cambodia,1985,0.0,0.0
Cambodia,1990,1132275.0,0.0
Cambodia,1995,3867725.0,0.0
Cambodia,2000,950000.0,0.0
Cambodia,2005,600000.0,0.0
Cambodia,2015,2500000.0,0.0
Cameroon,1970,400000.0,0.0
Cameroon,1990,186900.0,0.0
Cameroon,2000,0.0,0.0
Cameroon,2010,12000.0,0.0
Cameroon,2020,2389127.0,0.0
Canada,1930,9988.0,0.0
Canada,1935,12485.0,0.0
Canada,1940,2527.0,0.0
Canada,1960,0.0,0.0
Canada,1975,0.0,0.0
Canada,1980,24078.0,0.0
Canada,1985,5922.0,0.0
Cape Verde,1900,0.0,11000.0
Cape Verde,1910,0.0,0.0
Cape Verde,1920,0.0,24000.0
Cape Verde,1940,0.0,20000.0
Cape Verde,1945,0.0,30000.0
Cape Verde,1970,0.0,0.0
Cape Verde,1975,0.0,0.0
Cape Verde,1980,0.0,0.0
Cape Verde,1985,0.0,0.0
Cape Verde,1990,0.0,0.0
Cape Verde,1995,10000.0,0.0
Cape Verde,2000,30000.0,0.0
Cape Verde,2015,70000.0,0.0
Cape Verde,2020,46093.0,0.0
Central African Republic,1980,0.0,0.0
Central African Republic,2020,2221692.0,0.0
Chad,1910,0.0,0.0
Chad,1940,0.0,0.0
Chad,1965,24504.0,0.0
Chad,1970,486090.0,0.0
Chad,1975,389406.0,0.0
Chad,1980,1139290.0,2277.0
Chad,1985,360710.0,723.0
Chad,1990,300000.0,0.0
Chad,1995,356000.0,0.0
Chad,2000,800000.0,0.0
Chad,2005,306172.0,0.0
Chad,2010,3693828.0,0.0
Chad,2015,1886800.0,0.0
Chad,2020,2135362.0,0.0
Chile,1965,38512.0,0.0
Chile,1970,81488.0,0.0
Chile,1990,0.0,0.0
China,1920,20000000.0,500000.0
China,1925,0.0,3000000.0
China,1965,0.0,0.0
China,1975,6000000.0,0.0
China,1980,0.0,0.0
China,1985,49000000.0,1400.0
China,1990,102050879.0,2000.0
China,1995,31699121.0,0.0
China,2000,151890000.0,0.0
China,2005,52350049.0,134.0
China,2010,105009951.0,0.0
China,2015,12000000.0,0.0
China,2020,6100000.0,0.0
Colombia,1995,100000.0,0.0
Colombia,2015,0.0,0.0
Colombia,2020,1143043.0,0.0
Congo,1980,0.0,0.0
Costa Rica,1970,0.0,0.0
Costa Rica,1990,0.0,0.0
Costa Rica,1995,0.0,0.0
Costa Rica,2015,0.0,0.0
Cote d'Ivoire,1980,0.0,0.0
Croatia,2000,0.0,0.0
Cuba,1995,820000.0,0.0
Cuba,2000,0.0,0.0
Cuba,2015,100000.0,0.0
Cyprus,2000,0.0,0.0
Democratic Republic of Congo,1975,500000.0,0.0
Democratic Republic of Congo,1980,300000.0,0.0
Democratic Republic of Congo,2020,25972806.0,0.0
Denmark,1990,0.0,0.0
Djibouti,1980,225000.0,0.0
Djibouti,1985,30000.0,0.0
Djibouti,1995,100000.0,0.0
Djibouti,2000,100000.0,0.0
Djibouti,2005,532750.0,0.0
Djibouti,2010,200258.0,0.0
Djibouti,2020,192168.0,0.0
Dominican Republic,1965,240000.0,0.0
East Timor,2005,0.0,0.0
East Timor,2015,120000.0,0.0
Ecuador,1960,600000.0,0.0
Ecuador,1995,34000.0,0.0
Ecuador,2005,15393.0,0.0
Ecuador,2010,95272.0,0.0
El Salvador,1990,0.0,0.0
El Salvador,1995,0.0,0.0
El Salvador,2000,400000.0,0.0
El Salvador,2005,0.0,0.0
El Salvador,2015,1086610.0,0.0
Eritrea,1990,1600000.0,0.0
Eritrea,1995,136252.0,0.0
Eritrea,2000,2163748.0,0.0
Eritrea,2005,1700000.0,0.0
Eswatini,1980,0.0,500.0
Eswatini,1990,201509.0,0.0
Eswatini,1995,48491.0,0.0
Eswatini,2000,970000.0,0.0
Eswatini,2005,410000.0,0.0
Eswatini,2015,724000.0,0.0
Ethiopia,1965,3200000.0,2000.0
Ethiopia,1970,639740.0,21324.0
Ethiopia,1975,2360260.0,78676.0
Ethiopia,1980,7750000.0,300000.0
Ethiopia,1985,7311783.0,367.0
Ethiopia,1990,6188217.0,0.0
Ethiopia,1995,2211200.0,0.0
Ethiopia,2000,16275000.0,0.0
Ethiopia,2005,12722039.0,0.0
Ethiopia,2010,8283640.0,0.0
Ethiopia,2015,10200000.0,0.0
Ethiopia,2020,30900000.0,0.0
Europe,1920,5000000.0,1200000.0
Europe,1975,0.0,0.0
Europe,1980,0.0,0.0
Europe,1985,1066666.0,0.0
Europe,1990,7016020.0,0.0
Europe,1995,1127314.0,0.0
Europe,2000,1062575.0,2.0
Europe,2005,210394.0,0.0
Europe,2010,5800.0,0.0
Europe,2015,0.0,0.0
Europe,2020,26000.0,0.0
European Union (27),1975,0.0,0.0
European Union (27),1980,0.0,0.0
European Union (27),1985,0.0,0.0
European Union (27),1990,4872686.0,0.0
European Union (27),1995,1127314.0,0.0
European Union (27),2000,0.0,0.0
European Union (27),2005,0.0,0.0
European Union (27),2010,0.0,0.0
European Union (27),2015,0.0,0.0
European Union (27),2020,26000.0,0.0
Fiji,1980,31000.0,0.0
Fiji,1995,263455.0,0.0
Fiji,2015,67000.0,0.0
France,1985,0.0,0.0
France,1995,0.0,0.0
France,2020,0.0,0.0
Gambia,1910,0.0,0.0
Gambia,1940,0.0,0.0
Gambia,1965,180000.0,0.0
Gambia,1970,119932.0,0.0
Gambia,1975,30068.0,0.0
Gambia,1980,406054.0,0.0
Gambia,1985,93946.0,0.0
Gambia,2000,0.0,0.0
Gambia,2010,428000.0,0.0
Gambia,2015,63100.0,0.0
Georgia,2000,696000.0,0.0
Ghana,1970,12000.0,0.0
Ghana,1975,0.0,0.0
Ghana,1980,6941068.0,0.0
Ghana,1985,5558932.0,0.0
Greece,1990,0.0,0.0
Grenada,2010,0.0,0.0
Grenada,2020,100000.0,0.0
Guatemala,1985,73000.0,0.0
Guatemala,1990,0.0,0.0
Guatemala,2000,113596.0,41.0
Guatemala,2005,2500000.0,0.0
Guatemala,2010,491485.0,0.0
Guatemala,2015,2575000.0,0.0
Guinea,1980,0.0,0.0
Guinea,1995,0.0,12.0
Guinea-Bissau,1910,0.0,0.0
Guinea-Bissau,1940,0.0,0.0
Guinea-Bissau,1970,0.0,0.0
Guinea-Bissau,1975,0.0,0.0
Guinea-Bissau,1980,0.0,0.0
Guinea-Bissau,1985,0.0,0.0
Guinea-Bissau,2000,100000.0,0.0
Guinea-Bissau,2005,32000.0,0.0
Guyana,1995,607200.0,0.0
Guyana,2010,0.0,0.0
Haiti,1965,210217.0,0.0
Haiti,1970,507000.0,0.0
Haiti,1975,450000.0,0.0
Haiti,1980,103000.0,0.0
Haiti,1990,1000000.0,0.0
Haiti,2000,35000.0,0.0
Haiti,2010,632582.0,0.0
Haiti,2015,3967418.0,0.0
High-income countries,1930,9988.0,0.0
High-income countries,1935,12485.0,0.0
High-income countries,1940,2527.0,0.0
High-income countries,1960,0.0,0.0
High-income countries,1965,2838512.0,600.0
High-income countries,1970,81488.0,0.0
High-income countries,1975,0.0,0.0
High-income countries,1980,260078.0,0.0
High-income countries,1985,5922.0,0.0
High-income countries,1990,9603591.0,0.0
High-income countries,1995,4003609.0,0.0
High-income countries,2000,1000000.0,0.0
High-income countries,2005,0.0,0.0
High-income countries,2010,0.0,0.0
High-income countries,2015,43682.0,0.0
High-income countries,2020,889748.0,428.0
Honduras,1965,100000.0,0.0
Honduras,1970,300000.0,0.0
Honduras,1990,0.0,0.0
Honduras,1995,0.0,0.0
Honduras,2000,553625.0,0.0
Honduras,2005,5659.0,0.0
Honduras,2010,1306692.0,0.0
Honduras,2015,1240649.0,0.0
Honduras,2020,10300.0,0.0
Hong Kong,1960,0.0,0.0
Hong Kong,1965,0.0,0.0
Hong Kong,1975,0.0,0.0
Hong Kong,1980,0.0,0.0
Hungary,1985,0.0,0.0
Hungary,1990,0.0,0.0
Hungary,2000,0.0,0.0
India,1900,0.0,1250000.0
India,1940,0.0,1500000.0
India,1960,666000.0,0.0
India,1965,100000000.0,1500000.0
India,1970,200000000.0,0.0
India,1975,10000000.0,0.0
India,1980,100000000.0,0.0
India,1985,300000000.0,300.0
India,1990,1175000.0,0.0
India,1995,0.0,0.0
India,2000,350000000.0,20.0
India,2005,0.0,0.0
India,2015,338200000.0,0.0
Indonesia,1965,204000.0,8000.0
Indonesia,1970,3500000.0,0.0
Indonesia,1975,17220.0,63.0
Indonesia,1980,2000.0,510.0
Indonesia,1985,1000.0,84.0
Indonesia,1995,1065000.0,672.0
Indonesia,2000,15000.0,0.0
Indonesia,2015,0.0,11.0
Indonesia,2020,18750000.0,0.0
Iran,1960,625000.0,0.0
Iran,1995,10114314.0,0.0
Iran,2000,26885686.0,0.0
Iran,2020,4900000.0,0.0
Iraq,1965,166666.0,0.0
Iraq,1970,333334.0,0.0
Iraq,1995,0.0,0.0
Iraq,2000,0.0,0.0
Iraq,2020,7000000.0,0.0
Israel,1995,0.0,0.0
Italy,1995,0.0,0.0
Italy,2000,0.0,0.0
Italy,2010,0.0,0.0
Italy,2015,0.0,0.0
Italy,2020,0.0,0.0
Jamaica,1965,100000.0,0.0
Jamaica,2000,0.0,0.0
Jamaica,2010,91545.0,0.0
Japan,1975,0.0,0.0
Jordan,1995,180000.0,0.0
Jordan,2000,150000.0,0.0
Kazakhstan,2020,71000.0,0.0
Kenya,1965,260000.0,0.0
Kenya,1970,150000.0,0.0
Kenya,1975,19972.0,0.0
Kenya,1980,620028.0,0.0
Kenya,1990,3247242.0,0.0
Kenya,1995,2885411.0,2.0
Kenya,2000,24667347.0,163.0
Kenya,2005,7300000.0,31.0
Kenya,2010,9181782.0,0.0
Kenya,2015,6468218.0,0.0
Kenya,2020,4500000.0,0.0
Kenya,2025,2150000.0,0.0
Kiribati,1995,84000.0,0.0
Kyrgyzstan,2005,2000000.0,0.0
Laos,1975,3500000.0,0.0
Laos,1985,730000.0,0.0
Laos,1995,20000.0,0.0
Laos,2015,0.0,0.0
Lesotho,1965,204000.0,0.0
Lesotho,1980,500000.0,0.0
Lesotho,1990,331500.0,0.0
Lesotho,2000,500000.0,0.0
Lesotho,2005,475000.0,0.0
Lesotho,2010,725515.0,0.0
Lesotho,2015,1142000.0,0.0
Lesotho,2020,1129285.0,0.0
Lesotho,2025,335764.0,0.0
Liberia,1980,0.0,0.0
Lithuania,1990,0.0,0.0
Lithuania,2005,0.0,0.0
Lithuania,2015,0.0,0.0
Low-income countries,1900,0.0,0.0
Low-income countries,1905,0.0,0.0
Low-income countries,1910,32000.0,85000.0
Low-income countries,1940,0.0,0.0
Low-income countries,1960,700000.0,50.0
Low-income countries,1965,3616232.0,2000.0
Low-income countries,1970,2126678.0,22096.0
Low-income countries,1975,7535721.0,96904.0
Low-income countries,1980,30037708.0,477659.0
Low-income countries,1985,20946440.0,76668.0
Low-income countries,1990,33655023.0,127.0
Low-income countries,1995,5494735.0,19.0
Low-income countries,2000,36538286.0,757.0
Low-income countries,2005,44857505.0,122.0
Low-income countries,2010,50836097.0,20000.0
Low-income countries,2015,81937791.0,0.0
Low-income countries,2020,146618475.0,2465.0
Low-income countries,2025,14500482.0,27.0
Lower-middle-income countries,1900,0.0,1250000.0
Lower-middle-income countries,1910,0.0,0.0
Lower-middle-income countries,1940,0.0,3400000.0
Lower-middle-income countries,1945,0.0,0.0
Lower-middle-income countries,1960,666000.0,0.0
Lower-middle-income countries,1965,101259262.0,1500000.0
Lower-middle-income countries,1970,204420079.0,0.0
Lower-middle-income countries,1975,22074352.0,0.0
Lower-middle-income countries,1980,145924429.0,500.0
Lower-middle-income countries,1985,318783626.0,300.0
Lower-middle-income countries,1990,16504552.0,0.0
Lower-middle-income countries,1995,20251222.0,87.0
Lower-middle-income countries,2000,396759844.0,379.0
Lower-middle-income countries,2005,20126575.0,31.0
Lower-middle-income countries,2010,26563743.0,0.0
Lower-middle-income countries,2015,382546338.0,101.0
Lower-middle-income countries,2020,58967892.0,10.0
Lower-middle-income countries,2025,3953277.0,0.0
Madagascar,1980,1000000.0,0.0
Madagascar,1985,350229.0,73.0
Madagascar,1990,599771.0,127.0
Madagascar,2000,831290.0,0.0
Madagascar,2005,374245.0,0.0
Madagascar,2010,369921.0,0.0
Madagascar,2015,2409834.0,0.0
Madagascar,2020,1680000.0,0.0
Malawi,1985,1429267.0,0.0
Malawi,1990,7935035.0,0.0
Malawi,1995,1864965.0,0.0
Malawi,2000,2829435.0,500.0
Malawi,2005,5620000.0,0.0
Malawi,2010,1900000.0,0.0
Malawi,2015,6700000.0,0.0
Malawi,2020,8778193.0,0.0
Malaysia,1995,5000.0,0.0
Malaysia,2010,2200000.0,0.0
Mali,1910,0.0,0.0
Mali,1940,0.0,0.0
Mali,1965,0.0,0.0
Mali,1975,0.0,0.0
Mali,1980,1249540.0,0.0
Mali,1985,250460.0,0.0
Mali,1990,302000.0,0.0
Mali,2000,0.0,0.0
Mali,2005,1025000.0,0.0
Mali,2010,4100000.0,0.0
Mali,2020,8535753.0,0.0
Marshall Islands,2010,6384.0,0.0
Marshall Islands,2015,21000.0,0.0
Marshall Islands,2020,18404.0,0.0
Mauritania,1910,0.0,0.0
Mauritania,1940,0.0,0.0
Mauritania,1965,231641.0,0.0
Mauritania,1970,928205.0,0.0
Mauritania,1975,1633154.0,0.0
Mauritania,1980,1312939.0,0.0
Mauritania,1985,287061.0,0.0
Mauritania,1990,446507.0,0.0
Mauritania,1995,21400.0,0.0
Mauritania,2000,1000000.0,0.0
Mauritania,2010,1561000.0,0.0
Mauritania,2015,4244374.0,0.0
Mauritania,2020,1400000.0,0.0
Mauritius,1995,0.0,0.0
Mexico,1975,0.0,0.0
Mexico,1985,0.0,0.0
Mexico,1995,26063.0,0.0
Mexico,2000,38937.0,0.0
Mexico,2010,2500000.0,0.0
Micronesia (country),1995,28800.0,0.0
Micronesia (country),2015,100000.0,0.0
Micronesia (country),2020,113401.0,0.0
Moldova,2000,0.0,2.0
Moldova,2005,210394.0,0.0
Moldova,2010,5800.0,0.0
Mongolia,2000,450000.0,0.0
Morocco,1965,0.0,0.0
Morocco,1970,137000.0,0.0
Morocco,1995,62275.0,0.0
Morocco,2000,212725.0,0.0
Mozambique,1975,1498973.0,0.0
Mozambique,1980,8298943.0,79956.0
Mozambique,1985,960084.0,20094.0
Mozambique,1990,3300000.0,0.0
Mozambique,1995,0.0,0.0
Mozambique,2000,819500.0,18.0
Mozambique,2005,2420000.0,0.0
Mozambique,2010,460000.0,0.0
Mozambique,2015,2300000.0,0.0
Mozambique,2020,7562771.0,0.0
Namibia,1980,0.0,0.0
Namibia,1990,250000.0,0.0
Namibia,1995,188200.0,0.0
Namibia,2000,345000.0,0.0
Namibia,2010,780000.0,0.0
Namibia,2015,888738.0,0.0
Namibia,2020,1902262.0,0.0
Nepal,1960,0.0,0.0
Nepal,1965,0.0,0.0
Nepal,1970,900000.0,0.0
Nepal,1975,1747606.0,0.0
Nepal,1980,1752394.0,0.0
Nepal,2005,503000.0,0.0
New Zealand,1990,0.0,0.0
New Zealand,2010,0.0,0.0
Nicaragua,1990,75000.0,0.0
Nicaragua,1995,290000.0,0.0
Nicaragua,2000,188000.0,0.0
Nicaragua,2010,331981.0,0.0
Nicaragua,2015,428019.0,0.0
Niger,1900,0.0,0.0
Niger,1905,0.0,0.0
Niger,1910,32000.0,85000.0
Niger,1940,0.0,0.0
Niger,1965,0.0,0.0
Niger,1980,2872056.0,0.0
Niger,1985,1627944.0,0.0
Niger,1990,1630000.0,0.0
Niger,1995,8500.0,0.0
Niger,2000,3584558.0,0.0
Niger,2005,7546226.0,0.0
Niger,2010,6353774.0,0.0
Niger,2015,3719428.0,0.0
Niger,2020,8100000.0,0.0
Nigeria,1980,1838095.0,0.0
Nigeria,1985,1161905.0,0.0
Nigeria,2020,19110398.0,0.0
North America,1915,0.0,0.0
North America,1920,0.0,0.0
North America,1930,9988.0,0.0
North America,1935,12485.0,0.0
North America,1940,2527.0,0.0
North America,1960,0.0,0.0
North America,1965,650217.0,0.0
North America,1970,807000.0,0.0
North America,1975,450000.0,0.0
North America,1980,283078.0,0.0
North America,1985,78922.0,0.0
North America,1990,1075000.0,0.0
North America,1995,1136063.0,0.0
North America,2000,1329158.0,41.0
North America,2005,2505659.0,0.0
North America,2010,5354285.0,0.0
North America,2015,9397696.0,0.0
North America,2020,110300.0,428.0
North Korea,2010,3000000.0,0.0
North Korea,2015,28100000.0,0.0
North Macedonia,1990,10000.0,0.0
Oceania,1965,0.0,600.0
Oceania,1970,0.0,0.0
Oceania,1975,0.0,0.0
Oceania,1980,151000.0,0.0
Oceania,1990,4730905.0,0.0
Oceania,1995,3145730.0,60.0
Oceania,2000,0.0,0.0
Oceania,2005,0.0,0.0
Oceania,2010,6384.0,0.0
Oceania,2015,2722200.0,24.0
Oceania,2020,142009.0,0.0
Pakistan,1995,88173.0,5.0
Pakistan,2000,2111827.0,138.0
Pakistan,2015,4680912.0,77.0
Palau,2015,14200.0,0.0
Panama,1980,81000.0,0.0
Panama,2010,0.0,0.0
Panama,2015,0.0,0.0
Papua New Guinea,1980,40000.0,0.0
Papua New Guinea,1995,500000.0,60.0
Papua New Guinea,2015,2520000.0,24.0
Paraguay,1960,13400.0,0.0
Paraguay,1995,6534.0,1.0
Paraguay,2000,33466.0,11.0
Paraguay,2005,270990.0,4.0
Paraguay,2010,1466900.0,0.0
Paraguay,2015,0.0,0.0
Peru,1965,284604.0,0.0
Peru,1980,620000.0,0.0
Peru,1990,3300000.0,0.0
Peru,2000,21500.0,0.0
Peru,2005,0.0,0.0
Philippines,1975,3665.0,0.0
Philippines,1980,2693160.0,0.0
Philippines,1985,1002100.0,0.0
Philippines,1990,254282.0,0.0
Philippines,1995,2600000.0,8.0
Philippines,2000,0.0,0.0
Philippines,2005,0.0,0.0
Philippines,2015,197687.0,0.0
Poland,2015,0.0,0.0
Portugal,1980,0.0,0.0
Portugal,1995,0.0,0.0
Portugal,2000,0.0,0.0
Portugal,2005,0.0,0.0
Portugal,2020,0.0,0.0
Puerto Rico,1990,0.0,0.0
Romania,2000,0.0,0.0
Russia,1995,0.0,0.0
Russia,2000,1000000.0,0.0
Russia,2010,0.0,0.0
Rwanda,1975,1700000.0,0.0
Rwanda,1980,420000.0,0.0
Rwanda,1985,60000.0,237.0
Rwanda,1995,209792.0,0.0
Rwanda,2000,1146491.0,0.0
Rwanda,2005,620262.0,0.0
Saint Lucia,2010,0.0,0.0
Saint Vincent and the Grenadines,2010,0.0,0.0
Samoa,2015,0.0,0.0
Sao Tome and Principe,1980,61942.0,0.0
Sao Tome and Principe,1985,31058.0,0.0
Senegal,1910,0.0,0.0
Senegal,1940,0.0,0.0
Senegal,1965,199921.0,0.0
Senegal,1970,999605.0,0.0
Senegal,1975,4389824.0,0.0
Senegal,1980,1375032.0,0.0
Senegal,1985,300618.0,0.0
Senegal,2000,284000.0,0.0
Senegal,2010,1172494.0,0.0
Senegal,2015,466587.0,0.0
Senegal,2020,170621.0,0.0
Solomon Islands,1995,380.0,0.0
Solomon Islands,2015,0.0,0.0
Somalia,1960,700000.0,50.0
Somalia,1965,30000.0,0.0
Somalia,1970,9356.0,772.0
Somalia,1975,220644.0,18228.0
Somalia,1980,0.0,0.0
Somalia,1985,553500.0,600.0
Somalia,2000,1400000.0,21.0
Somalia,2005,3300000.0,2.0
Somalia,2010,7076995.0,20000.0
Somalia,2015,8658629.0,0.0
Somalia,2020,7100000.0,0.0
Somalia,2025,482.0,27.0
South Africa,1960,5000.0,0.0
South Africa,1980,0.0,0.0
South Africa,1985,2170000.0,0.0
South Africa,1990,0.0,0.0
South Africa,1995,300000.0,0.0
South Africa,2000,15000000.0,0.0
South Africa,2015,3450000.0,0.0
South Africa,2020,12000000.0,0.0
South America,1960,613400.0,0.0
South America,1965,323116.0,0.0
South America,1970,10081488.0,0.0
South America,1975,5000000.0,0.0
South America,1980,23703049.0,20.0
South America,1985,750000.0,0.0
South America,1990,3633160.0,0.0
South America,1995,10747734.0,1.0
South America,2000,1086038.0,11.0
South America,2005,1357811.0,4.0
South America,2010,15069995.0,0.0
South America,2015,18714360.0,2.0
South America,2020,4688157.0,16.0
South Korea,1965,2800000.0,0.0
South Korea,2000,0.0,0.0
South Sudan,2005,2150000.0,0.0
South Sudan,2010,2150000.0,0.0
South Sudan,2015,3600000.0,0.0
South Sudan,2020,7723670.0,0.0
Spain,1980,0.0,0.0
Spain,1990,4872686.0,0.0
Spain,1995,1127314.0,0.0
Spain,2020,26000.0,0.0
Sri Lanka,1975,250000.0,0.0
Sri Lanka,1980,2000000.0,0.0
Sri Lanka,1985,3006000.0,0.0
Sri Lanka,2000,1000000.0,0.0
Sri Lanka,2010,3600000.0,0.0
Sri Lanka,2015,1039261.0,0.0
Sri Lanka,2020,82830.0,0.0
Sudan,1980,5343935.0,95426.0
Sudan,1985,6506065.0,54574.0
Sudan,1990,9200000.0,0.0
Sudan,1995,160000.0,0.0
Sudan,2000,2000000.0,0.0
Sudan,2010,3200000.0,0.0
Sudan,2015,800000.0,0.0
Sudan,2020,11839300.0,0.0
Syria,1995,131923.0,0.0
Syria,2000,197077.0,0.0
Syria,2005,867061.0,0.0
Syria,2010,432939.0,0.0
Syria,2020,6150000.0,0.0
Syria,2025,14500000.0,0.0
Tajikistan,2000,3000000.0,0.0
Tajikistan,2005,800000.0,0.0
Tanzania,1965,53483.0,0.0
Tanzania,1975,20000.0,0.0
Tanzania,1980,1900000.0,0.0
Tanzania,1990,800000.0,0.0
Tanzania,1995,2399014.0,0.0
Tanzania,2000,2754986.0,0.0
Tanzania,2005,3700000.0,0.0
Tanzania,2010,1000000.0,0.0
Tanzania,2020,2100000.0,0.0
Thailand,1990,2500000.0,0.0
Thailand,1995,6000000.0,0.0
Thailand,2000,5000000.0,0.0
Thailand,2005,10000000.0,0.0
Thailand,2010,18482602.0,0.0
Thailand,2015,0.0,0.0
Thailand,2020,0.0,0.0
Togo,1970,150000.0,0.0
Togo,1980,0.0,0.0
Togo,1985,400000.0,0.0
Tonga,2015,0.0,0.0
Trinidad and Tobago,2010,0.0,0.0
Tunisia,1975,31400.0,0.0
Tunisia,1985,0.0,0.0
Tuvalu,2010,0.0,0.0
Tuvalu,2020,10204.0,0.0
USSR,1920,5000000.0,1200000.0
Uganda,1965,25000.0,0.0
Uganda,1975,249658.0,0.0
Uganda,1980,250342.0,0.0
Uganda,1985,600000.0,0.0
Uganda,1995,247153.0,19.0
Uganda,2000,1233847.0,175.0
Uganda,2005,1700000.0,0.0
Uganda,2010,669000.0,0.0
Uganda,2020,518000.0,2465.0
Ukraine,2010,0.0,0.0
United Kingdom,2020,0.0,0.0
United States,1985,0.0,0.0
United States,1990,0.0,0.0
United States,1995,0.0,0.0
United States,2000,0.0,0.0
United States,2005,0.0,0.0
United States,2010,0.0,0.0
United States,2015,0.0,0.0
United States,2020,0.0,428.0
Upper-middle-income countries,1900,0.0,11000.0
Upper-middle-income countries,1910,0.0,0.0
Upper-middle-income countries,1920,25000000.0,1724000.0
Upper-middle-income countries,1925,0.0,3000000.0
Upper-middle-income countries,1940,0.0,20000.0
Upper-middle-income countries,1945,0.0,30000.0
Upper-middle-income countries,1960,1243400.0,0.0
Upper-middle-income countries,1965,1115270.0,8000.0
Upper-middle-income countries,1970,13920934.0,0.0
Upper-middle-income countries,1975,11017220.0,63.0
Upper-middle-income countries,1980,21149184.0,530.0
Upper-middle-income countries,1985,53601782.0,1484.0
Upper-middle-income countries,1990,110094213.0,2000.0
Upper-middle-income countries,1995,60443487.0,673.0
Upper-middle-income countries,2000,201933760.0,54.0
Upper-middle-income countries,2005,66346826.0,138.0
Upper-middle-income countries,2010,143403727.0,0.0
Upper-middle-income countries,2015,37427488.0,13.0
Upper-middle-income countries,2020,50807110.0,6.0
Uruguay,1995,0.0,0.0
Uruguay,2000,0.0,0.0
Uruguay,2015,29482.0,0.0
Uruguay,2020,863748.0,0.0
Uzbekistan,2000,600000.0,0.0
Venezuela,2005,0.0,0.0
Venezuela,2010,0.0,0.0
Vietnam,1985,0.0,0.0
Vietnam,1995,4400000.0,0.0
Vietnam,2000,1300000.0,0.0
Vietnam,2005,410000.0,0.0
Vietnam,2015,2266978.0,0.0
Vietnam,2020,434580.0,0.0
World,1900,0.0,1261000.0
World,1905,0.0,0.0
World,1910,32000.0,85000.0
World,1915,0.0,0.0
World,1920,25000000.0,1724000.0
World,1925,0.0,3000000.0
World,1930,9988.0,0.0
World,1935,12485.0,0.0
World,1940,2527.0,3420000.0
World,1945,0.0,30000.0
World,1960,2609400.0,50.0
World,1965,109502608.0,1510600.0
World,1970,221895847.0,22096.0
World,1975,40627293.0,96967.0
World,1980,197371399.0,478689.0
World,1985,393337770.0,78452.0
World,1990,169857379.0,2127.0
World,1995,90193053.0,779.0
World,2000,636231890.0,1190.0
World,2005,131330906.0,291.0
World,2010,220803567.0,20000.0
World,2015,501955299.0,114.0
World,2020,257283225.0,2909.0
World,2025,18453759.0,27.0
Yemen Arab Republic,1965,673332.0,0.0
Yemen Arab Republic,1970,1346668.0,0.0
Yemen Arab Republic,1975,0.0,0.0
Yemen People's Republic,1975,0.0,0.0
Yugoslavia,1990,0.0,0.0
Zambia,1980,0.0,0.0
Zambia,1990,1700000.0,0.0
Zambia,1995,1273204.0,0.0
Zambia,2005,1200000.0,0.0
Zambia,2015,714021.0,0.0
Zambia,2020,10628466.0,0.0
Zambia,2025,1467513.0,0.0
Zimbabwe,1980,0.0,0.0
Zimbabwe,1990,3945851.0,0.0
Zimbabwe,1995,1109149.0,0.0
Zimbabwe,2000,6000000.0,0.0
Zimbabwe,2005,2100000.0,0.0
Zimbabwe,2010,3771504.0,0.0
Zimbabwe,2015,8552476.0,0.0
Zimbabwe,2020,8311138.0,0.0
