country,period,storm_total_affected,storm_total_deaths
Afghanistan,1990,0.0,10.0
Afghanistan,2005,22656.0,331.0
Afghanistan,2010,5.0,84.0
Afghanistan,2015,9055.0,67.0
Afghanistan,2020,7481.0,13.0
Africa,1945,0.0,165.0
Africa,1950,0.0,535.0
Africa,1955,0.0,107.0
Africa,1960,0.0,42.0
Africa,1965,141579.0,110.0
Africa,1970,2545072.0,163.0
Africa,1975,1628592.0,252.0
Africa,1980,1863950.0,696.0
Africa,1985,258444.0,384.0
Africa,1990,3324048.0,556.0
Africa,1995,1049818.0,574.0
Africa,2000,3043450.0,858.0
Africa,2005,1411244.0,402.0
Africa,2010,1131537.0,763.0
Africa,2015,6666992.0,2147.0
Africa,2020,9987659.0,15448.0
Africa,2025,800648.0,54.0
Albania,2000,125000.0,6.0
Albania,2005,400000.0,2.0
Algeria,1985,10107.0,0.0
Algeria,2000,0.0,13.0
Algeria,2005,5.0,10.0
American Samoa,1965,0.0,90.0
American Samoa,1985,0.0,0.0
American Samoa,2000,23060.0,0.0
American Samoa,2005,0.0,0.0
Anguilla,1955,0.0,0.0
Anguilla,1960,1250.0,5.0
Anguilla,1975,0.0,0.0
Anguilla,1995,150.0,0.0
Anguilla,2015,15000.0,4.0
Antigua and Barbuda,1950,0.0,2.0
Antigua and Barbuda,1960,0.0,2.0
Antigua and Barbuda,1965,0.0,0.0
Antigua and Barbuda,1985,8030.0,2.0
Antigua and Barbuda,1990,0.0,0.0
Antigua and Barbuda,1995,11684.0,6.0
Antigua and Barbuda,2005,25800.0,0.0
Antigua and Barbuda,2010,5000.0,0.0
Antigua and Barbuda,2015,1800.0,1.0
Argentina,1970,100300.0,160.0
Argentina,1975,100.0,25.0
Argentina,1985,2000.0,2.0
Argentina,1990,8000.0,15.0
Argentina,1995,10000.0,6.0
Argentina,2000,8980.0,36.0
Argentina,2005,276.0,21.0
Argentina,2010,9542.0,23.0
Argentina,2015,5700.0,10.0
Argentina,2020,414276.0,14.0
Argentina,2025,0.0,9.0
Armenia,2010,64000.0,0.0
Armenia,2015,21600.0,0.0
Armenia,2020,20836.0,0.0
Armenia,2025,20000.0,4.0
Asia,1900,0.0,600.0
Asia,1905,0.0,10412.0
Asia,1910,500000.0,52000.0
Asia,1915,0.0,4300.0
Asia,1920,1025000.0,105354.0
Asia,1925,80010.0,8465.0
Asia,1930,2500.0,3238.0
Asia,1935,150000.0,74490.0
Asia,1940,40000.0,111377.0
Asia,1945,2491871.0,14172.0
Asia,1950,4225975.0,10443.0
Asia,1955,15153470.0,20151.0
Asia,1960,9644645.0,54627.0
Asia,1965,19746665.0,65904.0
Asia,1970,21303460.0,323284.0
Asia,1975,23573964.0,21077.0
Asia,1980,38240209.0,12762.0
Asia,1985,93600961.0,27349.0
Asia,1990,101067691.0,156214.0
Asia,1995,95876571.0,28377.0
Asia,2000,170886369.0,6994.0
Asia,2005,192092906.0,153048.0
Asia,2010,136701391.0,14697.0
Asia,2015,76879179.0,4990.0
Asia,2020,113766892.0,5009.0
Asia,2025,15825616.0,449.0
Australia,1970,45640.0,92.0
Australia,1975,100.0,20.0
Australia,1980,0.0,1.0
Australia,1985,1012.0,47.0
Australia,1990,2873012.0,29.0
Australia,1995,1065272.0,22.0
Australia,2000,4401.0,7.0
Australia,2005,38450.0,5.0
Australia,2010,67339.0,8.0
Australia,2015,59038.0,25.0
Australia,2020,15427.0,12.0
Australia,2025,50000.0,5.0
Austria,1975,0.0,0.0
Austria,1980,0.0,12.0
Austria,1990,0.0,3.0
Austria,2000,300.0,3.0
Austria,2005,0.0,4.0
Austria,2015,330.0,16.0
Austria,2020,2233.0,10.0
Bahamas,1925,0.0,311.0
Bahamas,1935,0.0,14.0
Bahamas,1945,0.0,22.0
Bahamas,1955,0.0,1.0
Bahamas,1960,0.0,0.0
Bahamas,1965,1203.0,5.0
Bahamas,1990,1700.0,4.0
Bahamas,1995,0.0,1.0
Bahamas,2000,9000.0,12.0
Bahamas,2005,11500.0,2.0
Bahamas,2010,10000.0,1.0
Bahamas,2015,21650.0,389.0
Bangladesh,1900,0.0,0.0
Bangladesh,1905,0.0,172.0
Bangladesh,1910,0.0,0.0
Bangladesh,1915,0.0,0.0
Bangladesh,1920,25000.0,6.0
Bangladesh,1925,0.0,0.0
Bangladesh,1935,0.0,0.0
Bangladesh,1940,0.0,66000.0
Bangladesh,1945,0.0,500.0
Bangladesh,1950,0.0,200.0
Bangladesh,1955,0.0,500.0
Bangladesh,1960,1200800.0,41794.0
Bangladesh,1965,17675811.0,50829.0
Bangladesh,1970,3723110.0,305380.0
Bangladesh,1975,11050.0,1764.0
Bangladesh,1980,2043400.0,1781.0
Bangladesh,1985,15232460.0,17196.0
Bangladesh,1990,17035048.0,140360.0
Bangladesh,1995,6627417.0,2253.0
Bangladesh,2000,295349.0,749.0
Bangladesh,2005,12987471.0,4830.0
Bangladesh,2010,1979429.0,242.0
Bangladesh,2015,7425368.0,350.0
Bangladesh,2020,11740025.0,98.0
Bangladesh,2025,10104.0,13.0
Barbados,1955,0.0,57.0
Barbados,1980,5007.0,0.0
Barbados,1985,230.0,0.0
Barbados,1995,0.0,0.0
Barbados,2000,2880.0,1.0
Barbados,2010,2500.0,0.0
Barbados,2015,0.0,1.0
Barbados,2020,5979.0,0.0
Belarus,1995,21390.0,5.0
Belarus,2005,0.0,0.0
Belgium,1930,0.0,60.0
Belgium,1965,100.0,0.0
Belgium,1970,0.0,0.0
Belgium,1975,3600.0,0.0
Belgium,1980,0.0,0.0
Belgium,1985,0.0,0.0
Belgium,1990,0.0,16.0
Belgium,1995,1705.0,8.0
Belgium,2000,0.0,5.0
Belgium,2005,2.0,2.0
Belgium,2010,71.0,6.0
Belgium,2015,0.0,2.0
Belgium,2020,0.0,4.0
Belize,1930,0.0,1500.0
Belize,1955,0.0,16.0
Belize,1960,0.0,275.0
Belize,1970,70000.0,0.0
Belize,1975,6000.0,5.0
Belize,1995,60000.0,9.0
Belize,2000,82570.0,44.0
Belize,2005,30000.0,10.0
Belize,2010,0.0,0.0
Belize,2015,10355.0,0.0
Belize,2020,232312.0,0.0
Benin,2005,800.0,0.0
Bermuda,1945,0.0,0.0
Bermuda,1985,40.0,0.0
Bermuda,2000,0.0,4.0
Bhutan,1990,65000.0,17.0
Bhutan,2005,0.0,12.0
Bolivia,2000,12085.0,20.0
Bolivia,2005,6655.0,0.0
Bolivia,2025,80000.0,23.0
Bosnia and Herzegovina,1995,1090.0,0.0
Bosnia and Herzegovina,2005,0.0,4.0
Bosnia and Herzegovina,2020,20.0,1.0
Botswana,2005,400.0,0.0
Botswana,2020,105000.0,0.0
Brazil,1945,0.0,100.0
Brazil,1955,0.0,59.0
Brazil,1965,0.0,36.0
Brazil,1975,100.0,10.0
Brazil,1980,4548.0,58.0
Brazil,1985,48000.0,58.0
Brazil,1990,1000.0,0.0
Brazil,1995,676.0,3.0
Brazil,2000,153460.0,17.0
Brazil,2005,4308.0,9.0
Brazil,2010,13864.0,2.0
Brazil,2015,11037.0,2.0
Brazil,2020,374048.0,63.0
Brazil,2025,6130.0,9.0
British Virgin Islands,1995,3.0,0.0
British Virgin Islands,2015,0.0,9.0
Bulgaria,1980,0.0,0.0
Bulgaria,1990,5000.0,0.0
Bulgaria,1995,850.0,0.0
Bulgaria,2000,0.0,2.0
Bulgaria,2005,0.0,0.0
Bulgaria,2010,40.0,1.0
Bulgaria,2020,36.0,4.0
Burundi,1995,30810.0,0.0
Burundi,2000,15500.0,0.0
Burundi,2005,1505.0,0.0
Burundi,2010,1550.0,21.0
Burundi,2020,5655.0,2.0
Cambodia,1995,0.0,25.0
Cambodia,2005,178091.0,19.0
Cambodia,2015,6300.0,0.0
Cambodia,2020,773961.0,61.0
Canada,1910,2700.0,28.0
Canada,1945,0.0,17.0
Canada,1950,0.0,85.0
Canada,1955,0.0,44.0
Canada,1960,0.0,33.0
Canada,1965,0.0,0.0
Canada,1970,0.0,10.0
Canada,1975,340.0,14.0
Canada,1980,0.0,0.0
Canada,1985,3650.0,38.0
Canada,1990,1304.0,0.0
Canada,1995,6200.0,38.0
Canada,2000,1070.0,24.0
Canada,2005,303.0,8.0
Canada,2010,0.0,1.0
Canada,2015,930.0,1.0
Canada,2020,64322.0,20.0
Cape Verde,1980,7722.0,32.0
Cape Verde,2015,0.0,9.0
Cayman Islands,1900,1000.0,0.0
Cayman Islands,1930,0.0,110.0
Cayman Islands,2000,300.0,2.0
Cayman Islands,2005,0.0,0.0
Central African Republic,1980,1850.0,0.0
Central African Republic,2000,3000.0,3.0
Central African Republic,2005,12972.0,3.0
Central African Republic,2010,14468.0,1.0
Central African Republic,2015,4806.0,1.0
Central African Republic,2020,6066.0,0.0
Chad,1975,100.0,13.0
Chad,1985,1200.0,11.0
Chad,2005,145.0,14.0
Chile,1965,0.0,58.0
Chile,1970,90000.0,0.0
Chile,1975,16800.0,15.0
Chile,1980,323173.0,127.0
Chile,1985,30806.0,16.0
Chile,1990,38000.0,0.0
Chile,1995,2250.0,4.0
Chile,2000,2400.0,2.0
Chile,2005,112.0,45.0
Chile,2015,938.0,6.0
Chile,2020,27341.0,1.0
Chile,2025,0.0,0.0
China,1910,500000.0,50000.0
China,1920,0.0,100000.0
China,1925,0.0,5000.0
China,1945,0.0,1800.0
China,1955,11016617.0,6719.0
China,1960,0.0,686.0
China,1970,14000.0,107.0
China,1980,21463.0,711.0
China,1985,44460220.0,2520.0
China,1990,60279535.0,3444.0
China,1995,42341253.0,2192.0
China,2000,150367893.0,935.0
China,2005,130071717.0,2256.0
China,2010,62883685.0,852.0
China,2015,7864206.0,741.0
China,2020,1689911.0,320.0
China,2025,100507.0,12.0
Colombia,1965,1083.0,0.0
Colombia,1980,540.0,1.0
Colombia,1985,128000.0,30.0
Colombia,1995,0.0,2.0
Colombia,2000,7700.0,5.0
Colombia,2005,3074.0,0.0
Colombia,2010,18.0,11.0
Colombia,2015,0.0,0.0
Colombia,2020,544861.0,24.0
Colombia,2025,20000.0,2.0
Comoros,1950,0.0,500.0
Comoros,1980,30052.0,33.0
Comoros,1985,85000.0,26.0
Comoros,2000,300.0,0.0
Comoros,2010,9511.0,0.0
Comoros,2015,345311.0,8.0
Comoros,2020,64155.0,0.0
Cook Islands,1940,0.0,0.0
Cook Islands,1945,0.0,0.0
Cook Islands,1965,0.0,0.0
Cook Islands,1980,0.0,0.0
Cook Islands,1985,2000.0,5.0
Cook Islands,1990,0.0,1.0
Cook Islands,1995,900.0,19.0
Cook Islands,2000,744.0,0.0
Cook Islands,2005,608.0,0.0
Cook Islands,2010,2202.0,0.0
Costa Rica,1985,127500.0,28.0
Costa Rica,1995,740762.0,62.0
Costa Rica,2005,56074.0,5.0
Costa Rica,2015,61500.0,22.0
Costa Rica,2020,328418.0,0.0
Croatia,2005,0.0,2.0
Croatia,2015,8000.0,0.0
Croatia,2020,6100.0,1.0
Cuba,1905,0.0,29.0
Cuba,1910,0.0,5.0
Cuba,1925,0.0,600.0
Cuba,1930,0.0,2522.0
Cuba,1935,500.0,35.0
Cuba,1940,0.0,0.0
Cuba,1945,300.0,14.0
Cuba,1955,205.0,4.0
Cuba,1960,0.0,1750.0
Cuba,1965,174030.0,5.0
Cuba,1970,0.0,20.0
Cuba,1975,170.0,6.0
Cuba,1980,180000.0,27.0
Cuba,1985,560391.0,4.0
Cuba,1990,260333.0,7.0
Cuba,1995,738829.0,12.0
Cuba,2000,6471232.0,12.0
Cuba,2005,3292220.0,28.0
Cuba,2010,208101.0,12.0
Cuba,2015,10240651.0,25.0
Cuba,2020,7801113.0,16.0
Cyprus,1965,3100.0,3.0
Cyprus,1980,0.0,0.0
Cyprus,2000,40.0,0.0
Czechia,2000,0.0,2.0
Czechia,2005,15.0,8.0
Czechia,2015,600.0,0.0
Czechia,2020,253823.0,21.0
Czechoslovakia,1980,0.0,0.0
Czechoslovakia,1985,0.0,0.0
Democratic Republic of Congo,2000,22573.0,28.0
Democratic Republic of Congo,2005,80463.0,21.0
Democratic Republic of Congo,2020,527.0,2.0
Denmark,1975,20000.0,0.0
Denmark,1980,0.0,11.0
Denmark,1985,0.0,0.0
Denmark,1990,0.0,3.0
Denmark,1995,0.0,7.0
Denmark,2000,0.0,1.0
Denmark,2005,560.0,4.0
Denmark,2010,0.0,2.0
Denmark,2020,3.0,1.0
Djibouti,1995,775.0,0.0
Djibouti,2015,25000.0,2.0
Dominica,1955,0.0,0.0
Dominica,1960,0.0,0.0
Dominica,1970,0.0,0.0
Dominica,1975,72100.0,40.0
Dominica,1980,10000.0,2.0
Dominica,1985,710.0,0.0
Dominica,1995,5716.0,2.0
Dominica,2005,7530.0,2.0
Dominica,2010,240.0,0.0
Dominica,2015,99987.0,94.0
Dominican Republic,1925,0.0,162.0
Dominican Republic,1930,12000.0,2000.0
Dominican Republic,1960,0.0,407.0
Dominican Republic,1965,12942.0,74.0
Dominican Republic,1975,1554000.0,1400.0
Dominican Republic,1980,0.0,7.0
Dominican Republic,1985,2000.0,15.0
Dominican Republic,1995,1003425.0,382.0
Dominican Republic,2000,24434.0,26.0
Dominican Republic,2005,160935.0,185.0
Dominican Republic,2010,98515.0,15.0
Dominican Republic,2015,52768.0,11.0
Dominican Republic,2020,1758658.0,15.0
East Germany,1980,0.0,0.0
East Germany,1985,0.0,0.0
East Timor,2005,8730.0,0.0
East Timor,2020,143670.0,41.0
Ecuador,2025,346961.0,97.0
Egypt,1975,15000.0,3.0
Egypt,1985,11.0,30.0
Egypt,1995,60.0,18.0
Egypt,2000,42.0,13.0
Egypt,2010,40.0,31.0
Egypt,2015,32707.0,51.0
El Salvador,1930,0.0,2000.0
El Salvador,1965,4640.0,2.0
El Salvador,1995,86000.0,491.0
El Salvador,2000,600.0,1.0
El Salvador,2005,164941.0,344.0
El Salvador,2010,11753.0,18.0
El Salvador,2015,20584.0,22.0
El Salvador,2020,168763.0,66.0
Eritrea,1990,15675.0,3.0
Estonia,2005,5730.0,1.0
Eswatini,1980,632500.0,53.0
Eswatini,2005,7685.0,1.0
Eswatini,2020,1058.0,0.0
Ethiopia,2025,38624.0,1.0
Europe,1920,0.0,23.0
Europe,1925,0.0,88.0
Europe,1930,0.0,82.0
Europe,1940,262.0,140.0
Europe,1945,5245.0,78.0
Europe,1950,0.0,0.0
Europe,1955,0.0,26.0
Europe,1960,16000.0,380.0
Europe,1965,203900.0,97.0
Europe,1970,5200.0,157.0
Europe,1975,25269.0,107.0
Europe,1980,73362.0,515.0
Europe,1985,4900.0,201.0
Europe,1990,822568.0,474.0
Europe,1995,4039397.0,561.0
Europe,2000,2829441.0,236.0
Europe,2005,452460.0,220.0
Europe,2010,572183.0,148.0
Europe,2015,192840.0,154.0
Europe,2020,987448.0,247.0
Europe,2025,3520.0,1.0
European Union (27),1925,0.0,88.0
European Union (27),1930,0.0,82.0
European Union (27),1940,262.0,140.0
European Union (27),1945,5245.0,78.0
European Union (27),1955,0.0,26.0
European Union (27),1960,16000.0,33.0
European Union (27),1965,203200.0,75.0
European Union (27),1970,5200.0,103.0
European Union (27),1975,23619.0,1.0
European Union (27),1980,62960.0,73.0
European Union (27),1985,4900.0,167.0
European Union (27),1990,795926.0,280.0
European Union (27),1995,3748997.0,308.0
European Union (27),2000,17728.0,162.0
European Union (27),2005,32873.0,187.0
European Union (27),2010,549382.0,125.0
European Union (27),2015,175639.0,129.0
European Union (27),2020,949891.0,183.0
European Union (27),2025,3520.0,1.0
Fiji,1930,0.0,200.0
Fiji,1940,0.0,6.0
Fiji,1950,800.0,23.0
Fiji,1955,0.0,0.0
Fiji,1965,10000.0,2.0
Fiji,1970,126150.0,62.0
Fiji,1975,58900.0,53.0
Fiji,1980,251096.0,27.0
Fiji,1985,128369.0,34.0
Fiji,1990,168003.0,22.0
Fiji,1995,5272.0,37.0
Fiji,2000,35000.0,33.0
Fiji,2005,4082.0,10.0
Fiji,2010,47501.0,4.0
Fiji,2015,732538.0,55.0
Fiji,2020,587430.0,15.0
Finland,1990,0.0,0.0
France,1965,200000.0,35.0
France,1975,0.0,0.0
France,1980,2000.0,27.0
France,1985,0.0,13.0
France,1990,3720.0,103.0
France,1995,3505721.0,122.0
France,2000,950.0,42.0
France,2005,4508.0,24.0
France,2010,500079.0,63.0
France,2015,2177.0,19.0
France,2020,592487.0,34.0
France,2025,1902.0,0.0
French Polynesia,1955,0.0,0.0
French Polynesia,1980,5050.0,7.0
French Polynesia,2010,3411.0,1.0
Gabon,2005,800.0,0.0
Gabon,2010,3530.0,0.0
Gabon,2020,3000.0,0.0
Gambia,2000,14156.0,5.0
Gambia,2005,2650.0,0.0
Gambia,2015,15101.0,4.0
Gambia,2020,16949.0,10.0
Georgia,2000,900.0,0.0
Georgia,2010,7768.0,0.0
Georgia,2025,28870.0,3.0
Germany,1990,0.0,81.0
Germany,1995,30015.0,26.0
Germany,2000,19.0,45.0
Germany,2005,432.0,40.0
Germany,2010,3.0,19.0
Germany,2015,36.0,11.0
Germany,2020,639.0,12.0
Ghana,2015,12.0,20.0
Greece,1930,0.0,22.0
Greece,1960,16000.0,33.0
Greece,1985,0.0,48.0
Greece,1990,0.0,3.0
Greece,2000,12.0,2.0
Greece,2005,600.0,3.0
Greece,2015,123.0,7.0
Greece,2020,730.0,4.0
Grenada,1960,0.0,6.0
Grenada,1980,0.0,0.0
Grenada,1990,1000.0,0.0
Grenada,1995,210.0,0.0
Grenada,2000,113775.0,39.0
Grenada,2005,0.0,1.0
Grenada,2020,12027.0,8.0
Guadeloupe,1925,0.0,2000.0
Guadeloupe,1955,5000.0,18.0
Guadeloupe,1960,10100.0,14.0
Guadeloupe,1965,10000.0,25.0
Guadeloupe,1970,0.0,0.0
Guadeloupe,1975,0.0,0.0
Guadeloupe,1985,11084.0,5.0
Guadeloupe,1990,0.0,0.0
Guadeloupe,1995,899.0,4.0
Guadeloupe,2005,0.0,0.0
Guadeloupe,2015,80002.0,4.0
Guadeloupe,2020,0.0,1.0
Guam,1960,0.0,6.0
Guam,1975,0.0,9.0
Guam,1985,502.0,0.0
Guam,1990,5542.0,1.0
Guam,1995,6420.0,0.0
Guam,2000,15444.0,2.0
Guam,2020,100000.0,2.0
Guatemala,1960,0.0,11.0
Guatemala,1965,10200.0,269.0
Guatemala,1995,105700.0,384.0
Guatemala,2000,7946.0,10.0
Guatemala,2005,479219.0,1530.0
Guatemala,2010,500142.0,184.0
Guatemala,2015,81683.0,12.0
Guatemala,2020,3376023.0,178.0
Guatemala,2025,4726.0,16.0
Guinea,2025,10.0,15.0
Guinea-Bissau,1985,3703.0,1.0
Guinea-Bissau,1990,1722.0,0.0
Guinea-Bissau,2015,11541.0,3.0
Haiti,1905,0.0,150.0
Haiti,1915,0.0,1600.0
Haiti,1935,0.0,2150.0
Haiti,1950,250000.0,410.0
Haiti,1960,80000.0,5100.0
Haiti,1965,67881.0,480.0
Haiti,1975,1110.0,8.0
Haiti,1980,1165000.0,220.0
Haiti,1985,870000.0,54.0
Haiti,1990,1587000.0,1122.0
Haiti,1995,12144.0,256.0
Haiti,2000,322499.0,2787.0
Haiti,2005,404335.0,876.0
Haiti,2010,291043.0,118.0
Haiti,2015,2142500.0,555.0
Haiti,2020,44178.0,40.0
High-income countries,1900,1180.0,6098.0
High-income countries,1905,15000.0,10710.0
High-income countries,1910,3553.0,2250.0
High-income countries,1915,0.0,4809.0
High-income countries,1920,1374.0,4343.0
High-income countries,1925,620.0,3665.0
High-income countries,1930,95820.0,3905.0
High-income countries,1935,0.0,13584.0
High-income countries,1940,262.0,580.0
High-income countries,1945,2496117.0,10406.0
High-income countries,1950,2721834.0,7682.0
High-income countries,1955,2642146.0,11319.0
High-income countries,1960,312594.0,2317.0
High-income countries,1965,426161.0,3850.0
High-income countries,1970,197848.0,1898.0
High-income countries,1975,468003.0,1398.0
High-income countries,1980,762174.0,2517.0
High-income countries,1985,1488442.0,2103.0
High-income countries,1990,4376269.0,1914.0
High-income countries,1995,9953936.0,2156.0
High-income countries,2000,7152714.0,2121.0
High-income countries,2005,5985892.0,3876.0
High-income countries,2010,3561768.0,2064.0
High-income countries,2015,89255668.0,1942.0
High-income countries,2020,1695750.0,2162.0
High-income countries,2025,84564.0,184.0
Honduras,1930,0.0,1968.0
Honduras,1960,0.0,1.0
Honduras,1965,8002.0,0.0
Honduras,1970,600000.0,8000.0
Honduras,1975,7500.0,0.0
Honduras,1980,20000.0,130.0
Honduras,1985,12.0,0.0
Honduras,1995,2112022.0,14619.0
Honduras,2000,86321.0,21.0
Honduras,2005,123369.0,54.0
Honduras,2010,24675.0,22.0
Honduras,2015,271.0,4.0
Honduras,2020,5465658.0,142.0
Honduras,2025,180.0,1.0
Hong Kong,1905,0.0,10000.0
Hong Kong,1920,0.0,100.0
Hong Kong,1935,0.0,11000.0
Hong Kong,1945,0.0,2000.0
Hong Kong,1955,111.0,51.0
Hong Kong,1960,88683.0,305.0
Hong Kong,1965,5084.0,20.0
Hong Kong,1970,4162.0,117.0
Hong Kong,1975,20083.0,63.0
Hong Kong,1980,3830.0,29.0
Hong Kong,1985,2412.0,16.0
Hong Kong,1990,2191.0,113.0
Hong Kong,1995,748.0,3.0
Hong Kong,2000,3533.0,4.0
Hong Kong,2005,557.0,2.0
Hong Kong,2010,15000.0,1.0
Hong Kong,2015,456.0,1.0
Hong Kong,2020,261.0,2.0
Hong Kong,2025,116.0,0.0
Hungary,1980,0.0,4.0
Hungary,1995,0.0,40.0
Hungary,2005,300.0,9.0
Hungary,2010,14000.0,0.0
Hungary,2015,151298.0,0.0
India,1915,0.0,300.0
India,1920,1000000.0,1242.0
India,1925,40010.0,765.0
India,1935,0.0,60333.0
India,1940,30000.0,45304.0
India,1945,2000.0,1000.0
India,1950,1000000.0,840.0
India,1955,1395000.0,2120.0
India,1960,5040000.0,812.0
India,1965,445092.0,1840.0
India,1970,11457175.0,9968.0
India,1975,16690772.0,16382.0
India,1980,8323993.0,3008.0
India,1985,9085100.0,901.0
India,1990,4626200.0,2458.0
India,1995,27720501.0,15633.0
India,2000,603564.0,407.0
India,2005,5328025.0,601.0
India,2010,14988698.0,658.0
India,2015,21242002.0,2077.0
India,2020,31030478.0,570.0
India,2025,39204.0,45.0
Indonesia,1955,0.0,300.0
Indonesia,1970,2000.0,1660.0
Indonesia,1975,3060.0,26.0
Indonesia,1980,923.0,2.0
Indonesia,1985,10000.0,0.0
Indonesia,2000,3715.0,4.0
Indonesia,2010,10550.0,21.0
Indonesia,2015,2035.0,11.0
Indonesia,2020,510615.0,227.0
Iran,1970,0.0,60.0
Iran,1975,0.0,14.0
Iran,1980,0.0,200.0
Iran,1990,3700.0,22.0
Iran,1995,85.0,9.0
Iran,2000,8000.0,3.0
Iran,2005,193009.0,40.0
Iran,2015,2000.0,4.0
Iran,2020,6189.0,18.0
Iran,2025,1544.0,0.0
Iraq,2020,5000.0,4.0
Iraq,2025,2751.0,0.0
Ireland,1980,0.0,10.0
Ireland,1985,1900.0,11.0
Ireland,1990,0.0,2.0
Ireland,1995,290.0,12.0
Ireland,2000,3000.0,1.0
Ireland,2005,0.0,0.0
Ireland,2010,0.0,1.0
Ireland,2015,0.0,3.0
Ireland,2020,0.0,1.0
Israel,1990,0.0,5.0
Israel,2000,410.0,3.0
Israel,2010,2003000.0,4.0
Israel,2015,200.0,0.0
Italy,1945,5245.0,51.0
Italy,1965,0.0,37.0
Italy,1970,5200.0,73.0
Italy,1975,19.0,1.0
Italy,1985,3000.0,62.0
Italy,1990,1600.0,18.0
Italy,1995,0.0,22.0
Italy,2000,200.0,2.0
Italy,2005,0.0,4.0
Italy,2010,30805.0,8.0
Italy,2015,3742.0,32.0
Italy,2020,13300.0,23.0
Italy,2025,0.0,0.0
Jamaica,1900,0.0,65.0
Jamaica,1910,94820.0,142.0
Jamaica,1915,0.0,57.0
Jamaica,1920,1300.0,4.0
Jamaica,1930,0.0,10.0
Jamaica,1935,0.0,0.0
Jamaica,1940,2000.0,32.0
Jamaica,1950,20200.0,154.0
Jamaica,1960,0.0,11.0
Jamaica,1970,2510.0,6.0
Jamaica,1980,30009.0,6.0
Jamaica,1985,810300.0,56.0
Jamaica,1990,0.0,4.0
Jamaica,1995,800.0,0.0
Jamaica,2000,351826.0,21.0
Jamaica,2005,47584.0,24.0
Jamaica,2010,218356.0,16.0
Jamaica,2015,130000.0,0.0
Jamaica,2020,160060.0,5.0
Japan,1910,0.0,1000.0
Japan,1915,0.0,4000.0
Japan,1920,0.0,3000.0
Japan,1930,0.0,3006.0
Japan,1945,2489871.0,7612.0
Japan,1950,2675523.0,6191.0
Japan,1955,1709616.0,7836.0
Japan,1960,63586.0,518.0
Japan,1965,47739.0,991.0
Japan,1970,50.0,570.0
Japan,1975,341427.0,346.0
Japan,1980,247963.0,563.0
Japan,1985,97568.0,89.0
Japan,1990,269930.0,268.0
Japan,1995,150440.0,83.0
Japan,2000,637196.0,262.0
Japan,2005,334058.0,184.0
Japan,2010,162055.0,415.0
Japan,2015,651532.0,174.0
Japan,2020,27560.0,99.0
Japan,2025,5677.0,1.0
Jordan,1990,0.0,2.0
Jordan,2000,200.0,9.0
Kazakhstan,1995,0.0,112.0
Kenya,1985,0.0,50.0
Kiribati,1970,700.0,3.0
Kiribati,2015,1500.0,0.0
Kyrgyzstan,2005,9075.0,4.0
Kyrgyzstan,2010,0.0,0.0
Laos,1990,307312.0,30.0
Laos,1995,1000000.0,26.0
Laos,2005,128887.0,16.0
Laos,2015,735145.0,0.0
Laos,2020,148204.0,7.0
Laos,2025,10124.0,2.0
Latvia,1995,0.0,6.0
Latvia,2005,400.0,0.0
Lebanon,1990,104075.0,25.0
Lebanon,2000,500.0,0.0
Lebanon,2015,1012701.0,23.0
Lesotho,1985,0.0,0.0
Lesotho,1995,200.0,0.0
Lesotho,2000,2001.0,1.0
Lesotho,2005,4500.0,0.0
Lesotho,2010,2600.0,0.0
Lesotho,2020,3518.0,2.0
Liberia,1995,2000.0,0.0
Liberia,2005,3500.0,0.0
Libya,2020,1600000.0,13200.0
Lithuania,1990,780000.0,6.0
Lithuania,1995,0.0,2.0
Lithuania,2005,0.0,0.0
Low-income countries,1955,0.0,107.0
Low-income countries,1965,118055.0,110.0
Low-income countries,1970,2520056.0,161.0
Low-income countries,1975,682077.0,124.0
Low-income countries,1980,653625.0,478.0
Low-income countries,1985,148558.0,257.0
Low-income countries,1990,3311948.0,537.0
Low-income countries,1995,932813.0,207.0
Low-income countries,2000,3559434.0,889.0
Low-income countries,2005,1416411.0,694.0
Low-income countries,2010,1055001.0,780.0
Low-income countries,2015,9344107.0,1266.0
Low-income countries,2020,8141029.0,2117.0
Low-income countries,2025,800032.0,34.0
Lower-middle-income countries,1900,0.0,600.0
Lower-middle-income countries,1905,0.0,562.0
Lower-middle-income countries,1910,0.0,0.0
Lower-middle-income countries,1915,0.0,1900.0
Lower-middle-income countries,1920,1025000.0,1254.0
Lower-middle-income countries,1925,80010.0,3465.0
Lower-middle-income countries,1930,2500.0,2200.0
Lower-middle-income countries,1935,150000.0,64536.0
Lower-middle-income countries,1940,40000.0,111377.0
Lower-middle-income countries,1945,2000.0,2760.0
Lower-middle-income countries,1950,1800452.0,5080.0
Lower-middle-income countries,1955,1645000.0,3461.0
Lower-middle-income countries,1960,9473561.0,56829.0
Lower-middle-income countries,1965,19595148.0,64836.0
Lower-middle-income countries,1970,21886048.0,328634.0
Lower-middle-income countries,1975,23181880.0,20419.0
Lower-middle-income countries,1980,39813270.0,11229.0
Lower-middle-income countries,1985,50330005.0,23762.0
Lower-middle-income countries,1990,39676409.0,153105.0
Lower-middle-income countries,1995,55699011.0,43846.0
Lower-middle-income countries,2000,16872107.0,7697.0
Lower-middle-income countries,2005,60096911.0,150643.0
Lower-middle-income countries,2010,70942321.0,13335.0
Lower-middle-income countries,2015,67254431.0,5419.0
Lower-middle-income countries,2020,117536181.0,4384.0
Lower-middle-income countries,2025,14791293.0,391.0
Luxembourg,1990,0.0,0.0
Luxembourg,1995,0.0,0.0
Luxembourg,2010,0.0,0.0
Luxembourg,2015,1519.0,0.0
Macao,1990,3986.0,0.0
Macao,2015,200.0,10.0
Macao,2025,5.0,0.0
Madagascar,1965,118040.0,110.0
Madagascar,1970,2520056.0,161.0
Madagascar,1975,566926.0,103.0
Madagascar,1980,301775.0,309.0
Madagascar,1985,139655.0,145.0
Madagascar,1990,790051.0,248.0
Madagascar,1995,700000.0,183.0
Madagascar,2000,2829488.0,659.0
Madagascar,2005,900977.0,295.0
Madagascar,2010,689561.0,335.0
Madagascar,2015,878723.0,278.0
Madagascar,2020,1073484.0,298.0
Madagascar,2025,72283.0,8.0
Malawi,2005,8.0,11.0
Malawi,2010,6000.0,0.0
Malawi,2015,350.0,5.0
Malawi,2020,3316320.0,1306.0
Malawi,2025,20652.0,3.0
Malaysia,1965,10000.0,21.0
Malaysia,1995,6291.0,272.0
Malaysia,2000,41655.0,3.0
Malaysia,2015,426.0,0.0
Maldives,1990,23849.0,0.0
Maldives,2020,1320.0,0.0
Marshall Islands,1990,6000.0,0.0
Marshall Islands,2015,0.0,0.0
Marshall Islands,2020,19532.0,0.0
Martinique,1900,5000.0,8.0
Martinique,1960,57050.0,10.0
Martinique,1965,1000.0,15.0
Martinique,1970,5000.0,45.0
Martinique,1975,20003.0,0.0
Martinique,1980,0.0,0.0
Martinique,1985,0.0,0.0
Martinique,1990,4510.0,10.0
Martinique,1995,600.0,0.0
Martinique,2005,6.0,1.0
Martinique,2010,0.0,1.0
Martinique,2015,2.0,0.0
Mauritania,1990,300.0,4.0
Mauritania,1995,177.0,1.0
Mauritania,2015,2040.0,18.0
Mauritius,1960,0.0,42.0
Mauritius,1965,23524.0,0.0
Mauritius,1970,25016.0,2.0
Mauritius,1975,931515.0,14.0
Mauritius,1980,32851.0,1.0
Mauritius,1985,4507.0,1.0
Mauritius,1990,9800.0,2.0
Mauritius,1995,1000.0,3.0
Mauritius,2000,1050.0,3.0
Mauritius,2005,0.0,2.0
Mauritius,2015,30000.0,0.0
Mauritius,2020,102639.0,4.0
Mayotte,2020,231373.0,35.0
Mexico,1950,0.0,257.0
Mexico,1955,15000.0,1760.0
Mexico,1960,0.0,436.0
Mexico,1965,361069.0,183.0
Mexico,1970,0.0,30.0
Mexico,1975,626400.0,759.0
Mexico,1980,342500.0,604.0
Mexico,1985,125000.0,288.0
Mexico,1990,97000.0,92.0
Mexico,1995,900845.0,692.0
Mexico,2000,555230.0,56.0
Mexico,2005,4055271.0,88.0
Mexico,2010,1508660.0,334.0
Mexico,2015,54501.0,160.0
Mexico,2020,1038030.0,242.0
Mexico,2025,150.0,1.0
Micronesia (country),1985,203.0,5.0
Micronesia (country),2000,8631.0,48.0
Micronesia (country),2015,45000.0,5.0
Moldova,1990,25580.0,3.0
Moldova,2000,2600000.0,0.0
Moldova,2020,10.0,4.0
Mongolia,1990,100000.0,49.0
Mongolia,2000,1911000.0,42.0
Mongolia,2005,0.0,52.0
Mongolia,2015,500.0,0.0
Mongolia,2020,699491.0,20.0
Montserrat,1925,0.0,0.0
Montserrat,1985,12040.0,11.0
Montserrat,1990,0.0,0.0
Montserrat,1995,0.0,0.0
Morocco,1995,0.0,14.0
Morocco,2005,0.0,1.0
Morocco,2010,117000.0,49.0
Mozambique,1955,0.0,107.0
Mozambique,1975,105051.0,7.0
Mozambique,1980,350000.0,109.0
Mozambique,1985,4000.0,100.0
Mozambique,1990,2502000.0,240.0
Mozambique,1995,200000.0,11.0
Mozambique,2000,28431.0,46.0
Mozambique,2005,389886.0,19.0
Mozambique,2010,110000.0,45.0
Mozambique,2015,2653396.0,667.0
Mozambique,2020,3206946.0,431.0
Mozambique,2025,668473.0,22.0
Myanmar,1900,0.0,600.0
Myanmar,1920,0.0,6.0
Myanmar,1925,40000.0,2700.0
Myanmar,1935,150000.0,1000.0
Myanmar,1960,200.0,0.0
Myanmar,1965,747519.0,1448.0
Myanmar,1975,132000.0,200.0
Myanmar,1980,36000.0,11.0
Myanmar,1990,64970.0,17.0
Myanmar,2000,25000.0,236.0
Myanmar,2005,2480106.0,138400.0
Myanmar,2010,260049.0,45.0
Myanmar,2015,207476.0,35.0
Myanmar,2020,2201460.0,616.0
Myanmar,2025,131430.0,16.0
Nepal,1985,0.0,71.0
Nepal,1990,165.0,6.0
Nepal,1995,19.0,20.0
Nepal,2010,175.0,83.0
Nepal,2015,14854.0,28.0
Nepal,2020,544.0,21.0
Nepal,2025,687.0,14.0
Netherlands,1970,0.0,0.0
Netherlands,1975,0.0,0.0
Netherlands,1980,0.0,0.0
Netherlands,1985,0.0,0.0
Netherlands,1990,0.0,20.0
Netherlands,1995,200100.0,3.0
Netherlands,2000,0.0,4.0
Netherlands,2005,1.0,7.0
Netherlands,2010,0.0,2.0
Netherlands,2015,0.0,3.0
Netherlands,2020,4.0,6.0
Netherlands Antilles,1950,0.0,0.0
Netherlands Antilles,1960,0.0,0.0
Netherlands Antilles,1985,0.0,11.0
Netherlands Antilles,1995,40000.0,2.0
New Caledonia,1935,0.0,3.0
New Caledonia,1945,0.0,2.0
New Caledonia,1950,0.0,2.0
New Caledonia,1955,0.0,2.0
New Caledonia,1965,0.0,0.0
New Caledonia,1970,0.0,3.0
New Caledonia,1975,0.0,0.0
New Caledonia,1980,2000.0,4.0
New Caledonia,1995,0.0,0.0
New Caledonia,2000,1100.0,2.0
New Caledonia,2020,0.0,0.0
New Zealand,1965,1000.0,50.0
New Zealand,1985,0.0,6.0
New Zealand,1990,0.0,0.0
New Zealand,1995,2140.0,4.0
New Zealand,2000,0.0,2.0
New Zealand,2005,400.0,0.0
New Zealand,2010,457.0,3.0
New Zealand,2015,183.0,0.0
New Zealand,2020,13443.0,12.0
Nicaragua,1960,15.0,1.0
Nicaragua,1970,4650.0,35.0
Nicaragua,1980,52000.0,71.0
Nicaragua,1985,360278.0,130.0
Nicaragua,1990,123000.0,37.0
Nicaragua,1995,894037.0,3414.0
Nicaragua,2000,27876.0,20.0
Nicaragua,2005,247266.0,197.0
Nicaragua,2010,0.0,5.0
Nicaragua,2015,49770.0,15.0
Nicaragua,2020,980112.0,27.0
Niger,2000,1253.0,4.0
Nigeria,1975,0.0,100.0
Nigeria,1995,0.0,100.0
Nigeria,2000,1000.0,0.0
Nigeria,2010,15012.0,26.0
Nigeria,2015,1000.0,28.0
Nigeria,2020,2007.0,8.0
Niue,1955,1600.0,0.0
Niue,1960,4000.0,0.0
Niue,1965,0.0,0.0
Niue,1990,200.0,0.0
Niue,2000,702.0,1.0
North America,1900,6180.0,6171.0
North America,1905,15000.0,889.0
North America,1910,98373.0,397.0
North America,1915,0.0,2466.0
North America,1920,2674.0,247.0
North America,1925,620.0,6339.0
North America,1930,107820.0,10817.0
North America,1935,500.0,3662.0
North America,1940,2000.0,472.0
North America,1945,1301.0,728.0
North America,1950,316511.0,2128.0
North America,1955,170498.0,3340.0
North America,1960,205910.0,8870.0
North America,1965,652425.0,3069.0
North America,1970,732406.0,9001.0
North America,1975,2294483.0,2855.0
North America,1980,1980743.0,2270.0
North America,1985,3963155.0,1334.0
North America,1990,2408720.0,2094.0
North America,1995,10219795.0,21459.0
North America,2000,13610386.0,3851.0
North America,2005,12254723.0,5932.0
North America,2010,3737583.0,2082.0
North America,2015,101253628.0,2414.0
North America,2020,21553085.0,2449.0
North America,2025,26818.0,149.0
North Korea,1990,2500.0,6.0
North Korea,1995,0.0,0.0
North Korea,2000,634581.0,49.0
North Korea,2005,1649.0,0.0
North Korea,2010,90960.0,89.0
North Korea,2015,5358143.0,91.0
North Macedonia,2005,3.0,1.0
Northern Mariana Islands,2000,500.0,3.0
Northern Mariana Islands,2015,360.0,2.0
Norway,1990,0.0,0.0
Norway,2005,100.0,0.0
Norway,2010,500.0,4.0
Norway,2020,0.0,0.0
Oceania,1910,0.0,0.0
Oceania,1925,0.0,0.0
Oceania,1930,0.0,200.0
Oceania,1935,0.0,3.0
Oceania,1940,0.0,6.0
Oceania,1945,0.0,2.0
Oceania,1950,800.0,125.0
Oceania,1955,1600.0,202.0
Oceania,1960,12000.0,258.0
Oceania,1965,107204.0,168.0
Oceania,1970,174090.0,173.0
Oceania,1975,75005.0,84.0
Oceania,1980,435660.0,46.0
Oceania,1985,461166.0,256.0
Oceania,1990,3481517.0,100.0
Oceania,1995,1096475.0,146.0
Oceania,2000,162425.0,103.0
Oceania,2005,205706.0,196.0
Oceania,2010,212876.0,44.0
Oceania,2015,1175883.0,107.0
Oceania,2020,1669761.0,92.0
Oceania,2025,50000.0,5.0
Oman,1975,6596.0,107.0
Oman,1980,0.0,26.0
Oman,2000,0.0,30.0
Oman,2005,20000.0,76.0
Oman,2010,200.0,30.0
Oman,2015,6000.0,6.0
Oman,2020,90.0,20.0
Pakistan,1925,0.0,0.0
Pakistan,1935,0.0,0.0
Pakistan,1940,10000.0,0.0
Pakistan,1960,400000.0,450.0
Pakistan,1965,0.0,10000.0
Pakistan,1980,623.0,74.0
Pakistan,1985,250.0,47.0
Pakistan,1990,20.0,645.0
Pakistan,1995,536351.0,311.0
Pakistan,2000,3069.0,69.0
Pakistan,2005,1650000.0,300.0
Pakistan,2010,4082.0,39.0
Pakistan,2015,439.0,99.0
Pakistan,2020,1018035.0,259.0
Pakistan,2025,171.0,30.0
Palau,2010,1250.0,0.0
Palau,2020,7288.0,0.0
Palestine,2010,50071.0,1.0
Palestine,2015,31050.0,4.0
Panama,1960,518.0,1.0
Panama,1985,8732.0,30.0
Panama,1990,50.0,12.0
Panama,1995,7500.0,3.0
Panama,2015,24000.0,14.0
Panama,2020,8895.0,90.0
Papua New Guinea,1970,0.0,0.0
Papua New Guinea,1990,40040.0,15.0
Papua New Guinea,1995,7500.0,32.0
Papua New Guinea,2005,162140.0,172.0
Papua New Guinea,2010,12346.0,0.0
Papua New Guinea,2015,9199.0,0.0
Paraguay,1995,77.0,33.0
Paraguay,2000,12500.0,0.0
Paraguay,2005,48355.0,0.0
Paraguay,2010,77100.0,5.0
Paraguay,2015,10025.0,2.0
Peru,1960,0.0,60.0
Peru,1995,580730.0,518.0
Peru,2000,86682.0,59.0
Peru,2010,0.0,16.0
Peru,2020,45149.0,8.0
Philippines,1905,0.0,240.0
Philippines,1910,0.0,0.0
Philippines,1930,2500.0,232.0
Philippines,1935,0.0,1053.0
Philippines,1940,0.0,73.0
Philippines,1945,0.0,1260.0
Philippines,1950,550452.0,2030.0
Philippines,1955,0.0,385.0
Philippines,1960,1672546.0,1465.0
Philippines,1965,649643.0,223.0
Philippines,1970,5900413.0,5032.0
Philippines,1975,5312448.0,1209.0
Philippines,1980,8693861.0,4581.0
Philippines,1985,12738712.0,2622.0
Philippines,1990,14510286.0,7687.0
Philippines,1995,12391499.0,2030.0
Philippines,2000,14327601.0,3152.0
Philippines,2005,28825255.0,3978.0
Philippines,2010,50638255.0,11774.0
Philippines,2015,24921193.0,776.0
Philippines,2020,55697479.0,1678.0
Philippines,2025,11835511.0,108.0
Poland,1925,0.0,82.0
Poland,1980,900.0,0.0
Poland,1990,0.0,1.0
Poland,1995,0.0,3.0
Poland,2000,0.0,9.0
Poland,2005,1142.0,29.0
Poland,2010,363.0,5.0
Poland,2015,7218.0,11.0
Poland,2020,60533.0,23.0
Portugal,1940,142.0,120.0
Portugal,1945,0.0,27.0
Portugal,1970,0.0,11.0
Portugal,1985,0.0,0.0
Portugal,1995,356.0,11.0
Portugal,2000,183.0,5.0
Portugal,2010,4021.0,5.0
Portugal,2015,139.0,5.0
Portugal,2025,600.0,0.0
Puerto Rico,1925,0.0,325.0
Puerto Rico,1930,79820.0,257.0
Puerto Rico,1955,45093.0,16.0
Puerto Rico,1960,0.0,0.0
Puerto Rico,1975,4500.0,29.0
Puerto Rico,1985,2000.0,0.0
Puerto Rico,1995,155315.0,20.0
Puerto Rico,2000,3600.0,2.0
Puerto Rico,2005,0.0,1.0
Puerto Rico,2010,2271.0,1.0
Puerto Rico,2015,750000.0,66.0
Puerto Rico,2020,0.0,26.0
Reunion,1945,0.0,165.0
Reunion,1980,7000.0,25.0
Reunion,1985,10261.0,20.0
Reunion,1990,0.0,14.0
Reunion,2000,3700.0,2.0
Reunion,2005,90.0,2.0
Reunion,2010,265.0,1.0
Reunion,2015,200.0,0.0
Reunion,2020,25713.0,4.0
Reunion,2025,606.0,5.0
Romania,1925,0.0,6.0
Romania,1990,5606.0,3.0
Romania,1995,460.0,12.0
Romania,2000,2700.0,26.0
Romania,2005,90.0,3.0
Romania,2015,137.0,9.0
Romania,2020,15000.0,9.0
Russia,1990,62.0,12.0
Russia,1995,2720.0,165.0
Russia,2000,18490.0,34.0
Russia,2005,2.0,0.0
Russia,2010,14.0,1.0
Russia,2015,201.0,16.0
Russia,2020,13576.0,21.0
Rwanda,2015,6553.0,3.0
Saint Barthelemy,2015,0.0,4.0
Saint Helena,2000,300.0,0.0
Saint Kitts and Nevis,1925,0.0,0.0
Saint Kitts and Nevis,1955,0.0,0.0
Saint Kitts and Nevis,1980,0.0,0.0
Saint Kitts and Nevis,1985,1300.0,1.0
Saint Kitts and Nevis,1990,0.0,0.0
Saint Kitts and Nevis,1995,12980.0,5.0
Saint Kitts and Nevis,2005,0.0,0.0
Saint Kitts and Nevis,2015,500.0,0.0
Saint Lucia,1960,0.0,10.0
Saint Lucia,1965,0.0,0.0
Saint Lucia,1980,83000.0,9.0
Saint Lucia,1985,0.0,0.0
Saint Lucia,1990,750.0,4.0
Saint Lucia,1995,200.0,0.0
Saint Lucia,2000,0.0,0.0
Saint Lucia,2005,0.0,1.0
Saint Lucia,2010,181000.0,14.0
Saint Lucia,2015,25000.0,0.0
Saint Lucia,2020,0.0,1.0
Saint Martin (French part),2015,110.0,12.0
Saint Vincent and the Grenadines,1955,0.0,122.0
Saint Vincent and the Grenadines,1965,0.0,2.0
Saint Vincent and the Grenadines,1980,20500.0,0.0
Saint Vincent and the Grenadines,1985,208.0,0.0
Saint Vincent and the Grenadines,1995,100.0,0.0
Saint Vincent and the Grenadines,2000,2004.0,4.0
Saint Vincent and the Grenadines,2005,530.0,0.0
Saint Vincent and the Grenadines,2010,6100.0,0.0
Saint Vincent and the Grenadines,2015,0.0,1.0
Saint Vincent and the Grenadines,2020,40307.0,8.0
Samoa,1960,0.0,250.0
Samoa,1965,95004.0,10.0
Samoa,1980,1000.0,0.0
Samoa,1985,0.0,0.0
Samoa,1990,283000.0,21.0
Samoa,2000,0.0,1.0
Samoa,2005,0.0,9.0
Samoa,2010,12703.0,12.0
Samoa,2015,0.0,0.0
Saudi Arabia,1980,0.0,0.0
Saudi Arabia,2015,122.0,3.0
Senegal,1995,95853.0,187.0
Senegal,2000,1000.0,2.0
Serbia,2020,20.0,1.0
Serbia and Montenegro,2005,8750.0,0.0
Seychelles,2000,6800.0,0.0
Seychelles,2010,3000.0,0.0
Sierra Leone,1975,10000.0,1.0
Sierra Leone,1980,0.0,60.0
Sierra Leone,1995,3.0,13.0
Sierra Leone,2020,17.0,15.0
Sint Maarten (Dutch part),2015,5040.0,4.0
Slovakia,2000,10324.0,2.0
Slovakia,2015,0.0,1.0
Slovakia,2020,0.0,1.0
Slovenia,2005,17300.0,6.0
Slovenia,2020,3003.0,2.0
Solomon Islands,1955,0.0,200.0
Solomon Islands,1965,1200.0,16.0
Solomon Islands,1975,6000.0,2.0
Solomon Islands,1980,30000.0,0.0
Solomon Islands,1985,150650.0,101.0
Solomon Islands,1990,88500.0,4.0
Solomon Islands,2000,1535.0,0.0
Solomon Islands,2010,795.0,0.0
Solomon Islands,2015,45496.0,9.0
Solomon Islands,2020,172319.0,48.0
Somalia,1990,0.0,30.0
Somalia,2010,142380.0,162.0
Somalia,2015,262000.0,59.0
Somalia,2020,120000.0,9.0
South Africa,1950,0.0,35.0
South Africa,1980,500200.0,74.0
South Africa,1990,2000.0,11.0
South Africa,1995,18940.0,44.0
South Africa,2000,102756.0,38.0
South Africa,2005,3576.0,23.0
South Africa,2010,16543.0,49.0
South Africa,2015,7456.0,24.0
South Africa,2020,35322.0,90.0
South America,1930,0.0,0.0
South America,1945,0.0,100.0
South America,1955,0.0,59.0
South America,1960,0.0,60.0
South America,1965,1083.0,94.0
South America,1970,190300.0,160.0
South America,1975,17000.0,50.0
South America,1980,328261.0,186.0
South America,1985,208806.0,117.0
South America,1990,54900.0,115.0
South America,1995,595233.0,568.0
South America,2000,287137.0,146.0
South America,2005,62792.0,82.0
South America,2010,100524.0,65.0
South America,2015,27700.0,20.0
South America,2020,1465035.0,121.0
South America,2025,480186.0,147.0
South Korea,1935,0.0,1104.0
South Korea,1950,0.0,15.0
South Korea,1955,782126.0,907.0
South Korea,1960,86830.0,210.0
South Korea,1965,120015.0,103.0
South Korea,1970,2550.0,148.0
South Korea,1975,39000.0,115.0
South Korea,1980,39312.0,346.0
South Korea,1985,137910.0,818.0
South Korea,1990,29901.0,159.0
South Korea,1995,10053.0,177.0
South Korea,2000,172558.0,392.0
South Korea,2005,1702.0,31.0
South Korea,2010,44721.0,58.0
South Korea,2015,86352.0,29.0
South Korea,2020,40010.0,44.0
Spain,1940,120.0,20.0
Spain,1955,0.0,26.0
Spain,1970,0.0,19.0
Spain,1980,60060.0,9.0
Spain,1985,0.0,33.0
Spain,1990,0.0,21.0
Spain,1995,9500.0,31.0
Spain,2000,0.0,10.0
Spain,2005,1793.0,34.0
Spain,2010,0.0,6.0
Spain,2015,320.0,10.0
Spain,2020,2000.0,26.0
Spain,2025,1018.0,1.0
Sri Lanka,1955,250000.0,200.0
Sri Lanka,1960,380000.0,206.0
Sri Lanka,1975,1005000.0,740.0
Sri Lanka,1985,8000.0,0.0
Sri Lanka,2000,375000.0,5.0
Sri Lanka,2005,50000.0,9.0
Sri Lanka,2010,111380.0,29.0
Sri Lanka,2015,160077.0,27.0
Sri Lanka,2020,672314.0,36.0
Sudan,2000,0.0,33.0
Sudan,2010,30.0,20.0
Sudan,2020,16000.0,0.0
Sweden,1975,0.0,0.0
Sweden,1990,0.0,0.0
Sweden,1995,0.0,3.0
Sweden,2000,0.0,1.0
Sweden,2005,0.0,7.0
Sweden,2010,0.0,7.0
Sweden,2020,0.0,1.0
Switzerland,1975,0.0,0.0
Switzerland,1980,140.0,0.0
Switzerland,1985,0.0,1.0
Switzerland,1990,0.0,7.0
Switzerland,1995,0.0,12.0
Switzerland,2000,9.0,1.0
Switzerland,2005,0.0,1.0
Switzerland,2010,87.0,2.0
Switzerland,2015,16.0,4.0
Switzerland,2020,15058.0,8.0
Syria,2000,352.0,32.0
Syria,2015,3500.0,13.0
Syria,2020,362700.0,2.0
Taiwan,1910,0.0,1000.0
Taiwan,1920,0.0,1000.0
Taiwan,1950,0.0,167.0
Taiwan,1955,0.0,1077.0
Taiwan,1960,0.0,412.0
Taiwan,1965,45762.0,429.0
Taiwan,1975,11528.0,61.0
Taiwan,1980,0.0,108.0
Taiwan,1985,2200.0,139.0
Taiwan,1990,20592.0,91.0
Taiwan,1995,400078.0,122.0
Taiwan,2000,663308.0,380.0
Taiwan,2005,2312929.0,722.0
Taiwan,2010,154.0,53.0
Taiwan,2015,7493.0,29.0
Taiwan,2020,2451.0,40.0
Taiwan,2025,484.0,39.0
Tajikistan,1995,1500.0,0.0
Tajikistan,2000,830.0,0.0
Tanzania,1990,2500.0,4.0
Tanzania,2005,1282.0,0.0
Tanzania,2015,2005112.0,47.0
Tanzania,2020,37776.0,5.0
Thailand,1960,0.0,769.0
Thailand,1975,0.0,50.0
Thailand,1980,43000.0,55.0
Thailand,1985,199000.0,458.0
Thailand,1990,2509600.0,103.0
Thailand,1995,393780.0,234.0
Thailand,2000,85623.0,17.0
Thailand,2005,4500.0,10.0
Thailand,2010,1002000.0,18.0
Thailand,2015,750885.0,10.0
Thailand,2020,355795.0,64.0
Thailand,2025,954559.0,38.0
Togo,1965,15.0,0.0
Tokelau,1910,0.0,0.0
Tokelau,1925,0.0,0.0
Tokelau,1965,0.0,0.0
Tokelau,1985,1730.0,0.0
Tokelau,1990,102.0,0.0
Tokelau,2005,26.0,0.0
Tonga,1960,8000.0,2.0
Tonga,1970,900.0,3.0
Tonga,1975,10005.0,0.0
Tonga,1980,146514.0,7.0
Tonga,1990,3103.0,1.0
Tonga,1995,6571.0,0.0
Tonga,2000,16500.0,0.0
Tonga,2010,11614.0,4.0
Tonga,2015,87392.0,0.0
Tonga,2020,25000.0,0.0
Trinidad and Tobago,1930,1000.0,13.0
Trinidad and Tobago,1960,0.0,24.0
Trinidad and Tobago,1970,50000.0,2.0
Trinidad and Tobago,1990,1000.0,0.0
Trinidad and Tobago,2000,560.0,1.0
Trinidad and Tobago,2005,0.0,0.0
Turkey,1960,12000.0,0.0
Turkey,1970,0.0,30.0
Turkey,1990,3.0,31.0
Turkey,2000,1636.0,35.0
Turkey,2005,0.0,2.0
Turkey,2015,270.0,0.0
Turkey,2020,854.0,25.0
Turks and Caicos Islands,1985,770.0,0.0
Turks and Caicos Islands,1990,0.0,0.0
Turks and Caicos Islands,2000,200.0,0.0
Turks and Caicos Islands,2005,1500.0,4.0
Turks and Caicos Islands,2015,0.0,0.0
Tuvalu,1970,700.0,6.0
Tuvalu,1980,0.0,0.0
Tuvalu,1985,0.0,0.0
Tuvalu,1990,850.0,0.0
Tuvalu,2015,4613.0,0.0
Tuvalu,2020,5500.0,0.0
USSR,1920,0.0,23.0
USSR,1980,10000.0,400.0
USSR,1990,0.0,41.0
Uganda,2000,10100.0,0.0
Uganda,2010,47.0,23.0
Uganda,2020,8734.0,22.0
Ukraine,1990,1000.0,0.0
Ukraine,1995,0.0,11.0
Ukraine,2000,48110.0,10.0
Ukraine,2005,7552.0,0.0
Ukraine,2015,600.0,0.0
Ukraine,2020,1723.0,13.0
United Kingdom,1965,700.0,20.0
United Kingdom,1970,0.0,0.0
United Kingdom,1975,1650.0,24.0
United Kingdom,1980,12.0,39.0
United Kingdom,1985,0.0,33.0
United Kingdom,1990,0.0,131.0
United Kingdom,1995,265200.0,60.0
United Kingdom,2000,20104.0,23.0
United Kingdom,2005,3180.0,25.0
United Kingdom,2010,22200.0,16.0
United Kingdom,2015,16384.0,5.0
United Kingdom,2020,7150.0,16.0
United States,1900,180.0,6098.0
United States,1905,15000.0,710.0
United States,1910,853.0,222.0
United States,1915,0.0,809.0
United States,1920,1374.0,243.0
United States,1925,620.0,2941.0
United States,1930,15000.0,422.0
United States,1935,0.0,1463.0
United States,1940,0.0,440.0
United States,1945,1001.0,675.0
United States,1950,46311.0,1220.0
United States,1955,105200.0,1302.0
United States,1960,56977.0,773.0
United States,1965,1458.0,2009.0
United States,1970,246.0,853.0
United States,1975,2360.0,594.0
United States,1980,72727.0,1194.0
United States,1985,1048880.0,661.0
United States,1990,331073.0,802.0
United States,1995,3313674.0,1047.0
United States,2000,5546463.0,764.0
United States,2005,3146340.0,2571.0
United States,2010,669227.0,1340.0
United States,2015,87385024.0,977.0
United States,2020,68230.0,1564.0
United States,2025,21762.0,131.0
United States Virgin Islands,1930,0.0,15.0
United States Virgin Islands,1985,10000.0,0.0
United States Virgin Islands,1995,10000.0,10.0
United States Virgin Islands,2000,0.0,0.0
United States Virgin Islands,2015,0.0,7.0
Upper-middle-income countries,1900,0.0,65.0
Upper-middle-income countries,1905,0.0,29.0
Upper-middle-income countries,1910,594820.0,50147.0
Upper-middle-income countries,1915,0.0,57.0
Upper-middle-income countries,1920,1300.0,100027.0
Upper-middle-income countries,1925,0.0,5762.0
Upper-middle-income countries,1930,12000.0,8232.0
Upper-middle-income countries,1935,500.0,35.0
Upper-middle-income countries,1940,2000.0,38.0
Upper-middle-income countries,1945,300.0,1914.0
Upper-middle-income countries,1950,21000.0,469.0
Upper-middle-income countries,1955,11031822.0,8980.0
Upper-middle-income countries,1960,20000.0,4715.0
Upper-middle-income countries,1965,702492.0,604.0
Upper-middle-income countries,1970,341576.0,2146.0
Upper-middle-income countries,1975,3262350.0,2402.0
Upper-middle-income countries,1980,1685866.0,2223.0
Upper-middle-income countries,1985,46488812.0,3477.0
Upper-middle-income countries,1990,63790006.0,3972.0
Upper-middle-income countries,1995,46288980.0,5453.0
Upper-middle-income countries,2000,163229507.0,1478.0
Upper-middle-income countries,2005,138979887.0,4664.0
Upper-middle-income countries,2010,66893285.0,1618.0
Upper-middle-income countries,2015,20246812.0,1193.0
Upper-middle-income countries,2020,22031207.0,14698.0
Upper-middle-income countries,2025,1510293.0,191.0
Uruguay,1990,2000.0,0.0
Uruguay,1995,1500.0,2.0
Uruguay,2000,1600.0,2.0
Uruguay,2005,12.0,7.0
Uruguay,2020,360.0,2.0
Uruguay,2025,3000.0,7.0
Vanuatu,1940,0.0,0.0
Vanuatu,1950,0.0,100.0
Vanuatu,1955,0.0,0.0
Vanuatu,1970,0.0,4.0
Vanuatu,1975,0.0,0.0
Vanuatu,1980,0.0,0.0
Vanuatu,1985,172200.0,57.0
Vanuatu,1990,13165.0,6.0
Vanuatu,1995,2400.0,32.0
Vanuatu,2000,54808.0,4.0
Vanuatu,2010,52006.0,12.0
Vanuatu,2015,190564.0,11.0
Vanuatu,2020,723822.0,3.0
Venezuela,1930,0.0,0.0
Venezuela,1985,0.0,11.0
Venezuela,1990,5900.0,100.0
Venezuela,2000,1730.0,5.0
Venezuela,2010,0.0,8.0
Venezuela,2020,59000.0,9.0
Venezuela,2025,24095.0,0.0
Vietnam,1950,0.0,1000.0
Vietnam,1955,0.0,56.0
Vietnam,1960,700000.0,7000.0
Vietnam,1970,200000.0,212.0
Vietnam,1975,1000.0,0.0
Vietnam,1980,18785841.0,1267.0
Vietnam,1985,11627129.0,2472.0
Vietnam,1990,1108828.0,666.0
Vietnam,1995,4296556.0,4875.0
Vietnam,2000,722896.0,146.0
Vietnam,2005,7484489.0,1173.0
Vietnam,2010,2385154.0,201.0
Vietnam,2015,6216660.0,307.0
Vietnam,2020,6610008.0,717.0
Vietnam,2025,2683872.0,124.0
Wallis and Futuna,1965,0.0,0.0
Wallis and Futuna,1985,4500.0,1.0
Wallis and Futuna,2010,1252.0,0.0
West Germany,1925,0.0,0.0
West Germany,1950,0.0,0.0
West Germany,1960,0.0,347.0
West Germany,1965,0.0,2.0
West Germany,1970,0.0,54.0
West Germany,1975,0.0,82.0
West Germany,1980,250.0,3.0
West Germany,1985,0.0,0.0
World,1900,6180.0,6771.0
World,1905,15000.0,11301.0
World,1910,598373.0,52397.0
World,1915,0.0,6766.0
World,1920,1027674.0,105624.0
World,1925,80630.0,14892.0
World,1930,110320.0,14337.0
World,1935,150500.0,78155.0
World,1940,42262.0,111995.0
World,1945,2498417.0,15245.0
World,1950,4543286.0,13231.0
World,1955,15325568.0,23885.0
World,1960,9878555.0,64237.0
World,1965,20852856.0,69442.0
World,1970,24950528.0,332938.0
World,1975,27614313.0,24425.0
World,1980,42922185.0,16475.0
World,1985,98497432.0,29641.0
World,1990,111159444.0,159553.0
World,1995,112877289.0,51685.0
World,2000,190819208.0,12188.0
World,2005,206479831.0,159880.0
World,2010,142456094.0,17799.0
World,2015,186196222.0,9832.0
World,2020,149429880.0,23366.0
World,2025,17186788.0,805.0
Yemen,2000,0.0,30.0
Yemen,2015,140939.0,75.0
Yemen,2020,150.0,7.0
Zimbabwe,1975,0.0,11.0
Zimbabwe,2000,0.0,8.0
Zimbabwe,2005,0.0,0.0
Zimbabwe,2015,385684.0,920.0
Zimbabwe,2020,5400.0,5.0
